1	1	1	1	1	3	0.386417407	-0.227165187
2	2	1	2	4	10	0.772834813	0.159252220
3	3	1	3	9	21	1.159252220	0.545669626
4	4	1	4	16	36	1.545669626	0.932087033
5	5	1	4	16	44	0.932087033	0.318504439
6	6	1	5	25	65	1.318504439	0.704921846
7	7	1	5	25	75	0.704921846	0.091339253
8	8	1	6	36	102	1.091339253	0.477756659
9	9	1	7	49	133	1.477756659	0.864174066
10	11	2	15	113	331	1.250591472	0.250591472
12	12	1	9	81	225	1.637008879	1.023426285
13	14	2	20	200	560	2.023426285	0.796261099
15	15	1	10	100	310	0.796261099	0.182678505
16	17	2	22	242	748	1.182678505	-0.044486682
18	19	2	25	313	951	1.341930725	0.341930725
20	22	3	40	534	1722	0.728348131	-0.498817055
23	25	3	47	737	2305	1.274017758	0.046852571
26	28	3	53	937	2917	1.433269977	0.206104790
29	31	3	58	1122	3540	1.206104790	-0.021060396
32	35	4	87	1893	5919	1.751774417	-0.088973364
36	39	4	98	2406	7458	2.070278856	0.297444043
40	44	5	137	3759	11659	2.002365889	0.615948482
45	50	6	186	5774	17878	2.548035515	0.707287735
51	56	6	204	6944	22054	1.866539955	0.025792174
57	63	7	268	10274	32466	1.957879207	0.412209581
64	70	7	294	12352	39710	1.730714020	-0.564364134
71	79	9	415	19165	62747	0.594888086	-1.177946727
80	89	10	524	27500	89196	1.391149185	-0.768103035
90	99	10	589	34733	112025	1.482488437	-0.449598596
100	112	13	861	57119	183653	2.119497316	-0.199007123
113	125	13	976	73360	233510	2.915758414	0.756506195
126	141	16	1340	112322	359474	3.007097667	-0.060815300
142	158	17	1582	147354	476646	1.735445798	-0.718884575
159	177	19	1983	207235	669055	2.395880963	-0.400380136
178	199	22	2599	307345	983461	3.168715776	0.805724655
200	223	24	3145	412533	1334839	2.283481314	-0.398014247
224	251	28	4120	607140	1963694	3.217934236	-0.669666116
252	281	30	4929	810305	2634117	3.150021268	-2.348795787
282	316	35	6381	1164597	3826427	0.356126059	-2.824186557
317	354	38	7813	1608361	5256313	1.791761925	-2.095838426
355	398	44	10244	2387866	7732994	3.316371155	0.225031903
399	446	48	12515	3266587	10599121	2.840980385	-0.250358868
447	501	55	16139	4741725	15334067	4.117364032	0.274250362
502	562	61	20063	6604465	21387835	4.686459943	-0.629678607
563	630	68	24952	9165916	29825020	2.464026534	-1.105069377
631	707	77	31700	13065922	42494666	3.037854224	-1.055850917
708	794	87	40344	18728536	60703304	4.154985651	0.042586002
795	891	97	50237	26047397	84844133	2.136291144	-1.751309207
892	999	108	62844	36611774	119035994	4.234728063	-1.177481518
1000	1122	123	79990	52065526	169987188	4.850676546	-5.282783500
1123	1258	136	99054	72226172	236207710	-0.139859898	-4.711321699
1259	1412	154	126089	103357861	337293925	1.530038822	-3.612884779
1413	1584	172	158609	146424953	476037643	4.696388709	-0.832952299
1585	1778	194	200537	207528881	675361947	3.729278550	-0.889035821
1779	1995	217	252100	293209332	952740504	5.923786500	1.190706591
1996	2238	243	316185	411807399	1340418851	8.769266058	-2.108870737
2239	2511	273	397905	580592333	1892521445	2.237791766	-2.300780193
2512	2818	307	502686	824041244	2682823908	4.992164677	-0.724586614
2819	3162	344	632350	1163640956	3786815942	5.790791664	-2.761743024
3163	3548	386	794213	1635977183	5336707695	1.008958504	-4.232402017
3549	3981	433	1001544	2319278586	7551131814	7.098164473	-2.513284837
3982	4466	485	1255930	3255443368	10622293764	9.196601392	-9.545709469
4467	5011	545	1582938	4602755296	15021345072	-1.055890760	-7.667340069
5012	5623	612	1996924	6523270856	21263081222	4.483146409	-3.477331292
5624	6309	686	2514306	9225403400	30038605836	7.581583328	-0.640617476
6310	7079	770	3164356	13018728742	42417925384	5.584647031	-2.680372380
7080	7943	864	3987537	18423912711	59975324525	9.582746352	1.931309534
7944	8912	969	5012492	25955723556	84585803060	12.730401731	-5.920337273
8913	9999	1087	6306711	36631353321	119409980689	4.042506317	-3.870653604
10000	11220	1221	7952664	51856243808	168952123044	8.898379850	-3.106817137
11221	12589	1369	10005599	73206637863	238502901439	9.947598310	-7.737931215
12590	14125	1536	12584167	103215015645	336571697743	1.686573021	-10.433389505
14126	15848	1723	15853095	146026218771	475725299011	11.760380789	-3.523798338
15849	17782	1934	19943180	205866062620	671447765954	14.062789215	-19.684020819
17783	19952	2170	25109276	290865536778	948573688034	-0.296207785	-13.472719041
19953	22387	2435	31632581	411394492313	1340846503629	9.993400935	-8.944580899
22388	25118	2731	39821196	581272910998	1893858615330	11.986535873	-5.517983222
25119	28183	3065	50127980	820754376234	2674931600890	8.361781806	-6.253196416
28184	31622	3439	63129591	1160155705595	3779770543453	16.696342416	1.020316290
31623	35481	3859	79439513	1637053567291	5336578207713	19.179296063	-15.404965444
35482	39810	4329	99987748	2311982591286	7536675478782	5.912336130	-9.067301288
39811	44668	4858	125932663	3268157089947	10650581901617	15.888364950	-5.221396362
44669	50118	5450	158508754	4615124709982	15041199453276	15.855940318	-22.422383850
50119	56234	6116	199514686	6515758797568	21242679271468	3.052501868	-20.576904292
56235	63095	6861	251239641	9210247028445	30013854229079	19.015498378	-6.498637193
63096	70794	7699	316143423	12995750877759	42374869395129	20.787362930	-39.535175474
70795	79432	8638	398046240	18362597965970	59863723056724	0.040200764	-19.434412507
79433	89125	9693	501293254	25954179737090	84590955020896	20.423202336	-9.609840426
89126	99999	10874	631042424	36660931268828	119477683766656	21.939045823	-14.884755209
100000	112201	12202	794394062	51775218779142	168758303104668	12.818651482	-14.484142469
112202	125892	13691	1000242348	73156953788244	238415708965206	27.171321863	-2.303949380
125893	141253	15361	1258859103	103277819225867	336668701398361	29.787968160	-33.775312636
141254	158489	17236	1584938410	145903616011698	475599041651960	12.675136694	-13.709924927
158490	177827	19338	1995487448	206142292426356	671859735135302	28.108127774	-6.386728552
177828	199526	21699	2512150296	291157349711136	949014943450000	25.643363584	-40.273059252
199527	223872	24346	3162127465	411160555578559	1340323323859699	11.989707347	-42.446274201
223873	251188	27316	3981603087	581003716347717	1893596666485143	34.026272571	-10.416687117
251189	281838	30650	5011392531	820275804674939	2674141578989971	33.889708980	-76.845623740
281839	316227	34389	6309460150	1158894077261294	3777640877947776	8.043206419	-27.096839792
316228	354813	38586	7944104831	1637344396576547	5336712382576081	38.019614314	-15.457551158
354814	398107	43294	10001105385	2312838719270775	7538339817497473	41.330516035	-27.256469942
398108	446683	48576	12589703875	3266547539921493	10647419014463571	26.436110957	-30.346878776
446684	501187	54504	15850770239	4614786549293561	15041075307990359	44.590419288	-6.522705118
501188	562341	61154	19952395533	6516897892620343	21243292296122887	46.552093404	-66.716574446
562342	630957	68616	25119611948	9206159269024928	30008257117947212	26.152511260	-22.244147201
630958	707945	76988	31625209263	13005383353280783	42389834947687695	48.890177622	-18.423848138
707946	794328	86383	39812929638	18369513466778362	59875837678188244	44.013436455	-73.722806192
794329	891250	96922	50118491716	25944965148870080	84571938761665002	35.651456581	-77.539237110
891251	999999	108749	63101193437	36654636733568133	119471814064366963	53.017087182	-21.025938230
1000000	1122018	122019	79431240947	51764457414281023	168739991694449689	56.200723049	-146.561797475
1122019	1258925	136907	100003113352	73127361808863360	238364367899987658	16.771414944	-34.526906775
1258926	1412537	153612	125900591602	103302148451605966	336709807262336090	62.338824576	-25.015906999
1412538	1584893	172356	158499880302	145918160069200992	475615946995512876	67.873668411	-59.357336834
1584894	1778279	193386	199533816829	206104300269831259	671807069778763579	46.177328282	-65.549870869
1778280	1995262	216983	251204865580	291144846145137286	948977472992027434	65.662071819	-14.062077673
1995263	2238721	243459	316233001552	411212015985429204	1340399699327882750	68.456173834	-137.909109941
2238722	2511886	273165	398121915514	580878447764669864	1893405510561064366	51.517542766	-43.421528856
2511887	2818382	306496	501216081286	820547909259950876	2674562657099632144	80.742770863	-29.684606601
2818383	3162277	343895	630984823840	1159017992123026786	3777864681899320158	73.455680952	-140.661108955
3162278	3548133	385856	794347592947	1637098527835549533	5336277609079575525	80.936279735	-145.593275672
3548134	3981071	432938	1000060123475	2312624540688506395	7537959330651743439	89.864481562	-36.218977219
3981072	4466835	485764	1258940274833	3266348351875835427	10647123209214222417	82.001366180	-303.802356473
4466836	5011872	545037	1584959030014	4614115845770084670	15039923341849745204	57.312824964	-51.961496345
5011873	5623413	611541	1995364643550	6517748125650865308	21244669650237190392	107.414565055	-42.110201670
5623414	6309573	686160	2512009707433	9206518817968805277	30008812968180485019	108.405334104	-118.521145348
6309574	7079457	769884	3162399296687	13004295958159681329	42388147862141890395	88.854961201	-132.166128427
7079458	7943282	863825	3981267761352	18369423504911605364	59875481637341143708	105.447270556	-40.544126503
7943283	8912509	969227	5012017294703	25946424460815933601	84574588260999269295	103.280511634	-285.938422823
8912510	9999999	1087490	6309829307851	36651201616577598031	119466215785221807355	100.590333862	-83.689411733
10000000	11220184	1220185	7943666991284	51771997400660173832	168751895287299914024	135.961360347	-72.149652826
11220185	12589254	1369070	10000422546469	73128964217200848939	238366879479798716249	131.593670841	-124.074203827
12589255	14125375	1536121	12589681446667	103295810681395421585	336699474803058373191	147.512716923	-288.991211399
14125376	15848931	1723556	15849688435147	145913182158571345279	475607091103842179303	152.665010037	-71.517456771
15848932	17782794	1933863	19953213942443	206100039127099272179	671800388014399169733	117.241821015	-576.236919535
17782795	19952623	2169829	25119928393847	291131816008854756497	948955741725386648875	133.255333821	-64.201826093
19952624	22387211	2434588	31624185953415	411236547398342581221	1340438688065951506071	168.373993815	-86.465961378
22387212	25118864	2731653	39812460014222	580885874092688499134	1893418138426976929426	184.760758047	-75.692203957
25118865	28183829	3064965	50120715984121	820516932786098493909	2674514108901658741853	174.761077713	-270.883817771
28183830	31622776	3438947	63098466372810	1159018994434819073684	3777864475445675942234	192.928942124	-105.429591639
31622777	35481338	3858562	79435658454945	1637131987411749423505	5336333211215784697673	173.752928009	-564.283597688
35481339	39810717	4329379	100004174777973	2312538556798075079991	7537818025883109555195	200.146112785	-163.909336277
39810718	44668359	4857642	125898018402943	3266560646645721638291	10647471163612994262889	219.206341257	-122.773714032
44668360	50118723	5450364	158495789449370	4614114079458930022930	15039911215821216299032	218.540700467	-203.679342714
50118724	56234132	6115409	199533927675053	6517581588795249492161	21244393899760833319265	291.555703239	-542.816725007
56234133	63095734	6861602	251199567718644	9206417458076505740470	30008649145747064260250	283.351713725	-124.752904585
63095735	70794578	7698844	316239171117781	13004212484485635731321	42388020959904536647227	200.107841772	-1121.861217134
70794579	79432823	8638245	398123831515386	18369156098869155149146	59875025676115674536136	254.091693824	-85.657573540
79432824	89125093	9692270	501208388356620	25947144538685313436014	84575755843404052059114	242.707760669	-160.977906785
89125094	99999999	10874906	630983584324592	36651264461517413584242	119466347454508150343052	276.335240133	-172.169582632
100000000	112201845	12201846	794360415259768	51771182972327101208750	168750537063863867416936	326.328049426	-514.457277990
112201846	125892541	13690696	1000041609471967	73128894969078035938001	238366719729320990730759	335.291264259	-196.532804210
125892542	141253754	15361213	1258974078308670	103296679439386511719386	336700907303254624370974	304.145404687	-1086.214212849
141253755	158489319	17235565	1584958650987550	145911225097434792059168	475603962771706444612898	343.317457814	-333.123064210
158489320	177827941	19338622	1995345818011391	206105333792794323708307	671808862086427646958037	387.328913863	-235.242114227
177827942	199526231	21698290	2511988461758486	291130797582908125176190	948954041734955186764956	349.921071738	-469.714103780
199526232	223872113	24345882	3162404500376776	411232798130385217515310	1340432588531215865806572	566.152044967	-1034.591255266
223872114	251188643	27316530	3981238029949550	580883649243068891420506	1893414464678671762557610	509.354227055	-248.319710599
251188644	281838293	30649650	5012067204266698	820515108106670893253408	2674511074991493519235666	325.111114887	-2138.279896073
281838294	316227766	34389473	6309834333767837	1159014226631500530118079	3777856813397829576763159	438.126604740	-184.617306484
316227767	354813389	38585623	7943610654847400	1637151138701768981020158	5336364607930864416411218	411.441062963	-340.042498574
354813390	398107170	43293781	10000409828983427	2312535721987412080002261	7537812530623194171333651	453.580692820	-377.132602856
398107171	446683592	48576422	12589766525600002	3266541903890566635314748	10647440635495088500935574	632.431734864	-1006.291487896
446683593	501187233	54503641	15849582183638439	4614116003363489309095513	15039914283684261401244003	533.438037335	-413.356785312
501187234	562341325	61154092	19953420172872979	6517597273086248396008021	21244419610706388591150543	502.706658733	-2061.490576136
562341326	630957344	68616019	25119895230169561	9206371605225867044594497	30008573970999027399997039	576.115482669	-705.054826922
630957345	707945784	76988440	31624078758593927	13004349639828280338794927	42388244177916388087836213	646.442058402	-430.545044748
707945785	794328234	86382450	39812336374396345	18369113327159512057220281	59874955569925946763358505	523.913252226	-959.942517541
794328235	891250938	96922704	50120759305750069	25947060161934728861661979	84575619776955192927975189	1010.303194587	-1971.664563124
891250939	999999999	108749061	63098327810855437	36651231651290835025050957	119466294468978809730286697	842.454532856	-664.789684537
1000000000	1122018454	122018455	79436004231316276	51771127354006139932636836	168750442557048899781311672	571.444824579	-4100.624579623
1122018455	1258925411	136906957	100004104875418788	73128811382165569687629316	238366579584548979881841118	779.048545950	-430.530656938
1258925412	1412537544	153612133	125897699463371643	103297177548707817361123857	336701720771051686781991045	701.856422491	-694.737343591
1412537545	1584893192	172355648	158495790103220103	145911096287020086154406997	475603748173385580901270875	699.442192419	-790.221073438
1584893193	1778279410	193386218	199534367355397763	206104886430355812310260829	671808126314054047364021951	1095.488378099	-1905.734051849
1778279411	1995262314	216982904	251198903176385595	291130928778763619382542167	948954260805032301889850817	837.987807821	-862.312655022
1995262315	2238721138	243458824	316240559601855777	411233029976259307600571407	1340432975532071863478513529	834.492760597	-3976.412678034
2238721139	2511886431	273165293	398123456396672322	580882631199358163607303312	1893412777604788171856229630	1181.488633198	-1463.913143878
2511886432	2818382931	306496500	501207741867353516	820518558861262364643175530	2674516690942135360276196114	1159.106401259	-744.216537823
2818382932	3162277660	343894729	630983046524290814	1159012834172688359354007472	3777854527776786502841795462	928.330414834	-1864.135226503
3162277661	3548133892	385856232	794360601158383136	1637149206053000945499563702	5336361459304832285112257172	1810.376187296	-3776.925235209
3548133893	3981071705	432937813	1000040892513147769	2312535379074528804317007151	7537811986930082861404756977	1440.123201936	-1237.221029589
3981071706	4466835921	485764216	1258976383477968287	3266540324766049024894540123	10647438002848207080378753347	943.161777774	-7780.725173677
4466835922	5011872336	545036415	1584958026618762302	4614114773144911846961403844	15039912330414620527314473706	1414.741557182	-984.083884312
5011872337	5623413251	611540915	1995343807066888800	6517609568732454161041539952	21244439540874845641659604216	1242.597462992	-1372.905900073
5623413252	6309573444	686160193	2511988892525111885	9206367177347832279572873623	30008566787666966876997076433	1244.004945390	-1666.694068027
6309573445	7079457843	769884399	3162406631608842075	13004339290369661507499196993	42388227248284655963104184045	2000.478280741	-3658.706712315
7079457844	7943282347	863824504	3981234150055874067	18369118115095405366247080095	59874963480273062662248762011	1398.061734315	-1682.703457360
7943282348	8912509381	969227034	5012076082800448970	25947060795824784401348530814	84575620497651022736386860918	1383.445384356	-7697.294893475
8912509382	9999999999	1087490618	6309831136376349508	36651211663654816722864469206	119466262283612443592353675568	2237.812188840	-3062.562010840
10000000000	10000000000	1	6135825203	37648350921769991209	122716504066135825203	-731.317083801	-731.930666395
