1	1	1	1	1	3	0.331475843	-0.337048313
2	2	1	2	4	10	0.662951687	-0.005572470
3	3	1	3	9	21	0.994427530	0.325903373
4	4	1	4	16	36	1.325903373	0.657379217
5	5	1	4	16	44	0.657379217	-0.011144940
6	6	1	5	25	65	0.988855060	0.320330903
7	7	1	6	36	90	1.320330903	0.651806746
8	8	1	7	49	119	1.651806746	0.983282590
9	9	1	8	64	152	1.983282590	1.314758433
10	11	2	16	128	352	1.314758433	-0.022289880
12	12	1	9	81	225	0.977710120	0.309185963
13	14	2	21	221	589	1.640661806	0.640661806
15	15	1	11	121	341	0.972137650	0.303613493
16	17	2	25	313	851	1.635089336	0.635089336
18	19	2	29	421	1103	2.298041023	1.298041023
20	22	3	47	737	2023	1.960992709	0.623944396
23	25	3	53	937	2599	1.955420239	0.618371926
26	28	3	60	1202	3304	2.281323613	0.949847769
29	31	3	64	1366	3906	1.612799456	0.275751143
32	35	4	94	2210	6396	1.607226986	-0.066869641
36	39	4	106	2814	8066	1.927557889	0.264606202
40	44	5	149	4447	12681	2.253461262	0.590509576
45	50	6	200	6680	19230	2.242316322	0.247888792
51	56	6	225	8443	24319	2.236743852	0.562647225
57	63	7	291	12111	35249	1.894123069	0.220026442
64	70	7	324	15008	43774	2.214453972	0.208881502
71	79	9	469	24469	70901	2.529212405	0.855115778
80	89	10	585	34257	99553	2.843970838	0.501350054
90	99	10	649	42173	123441	2.484632644	0.164301741
100	112	13	944	68638	201324	2.473487704	0.467915234
113	125	13	1059	86335	253319	2.788246137	0.440052884
126	141	16	1450	131568	389066	2.075142220	0.080714690
142	158	17	1737	177685	523411	2.715804026	0.395473123
159	177	19	2170	248090	732034	3.019417519	-0.328775734
178	199	22	2806	358346	1061932	2.306313602	-0.002872361
200	223	24	3422	488420	1452436	1.958120348	-0.401217845
224	251	28	4496	722744	2142526	2.907968118	0.228299021
252	281	30	5382	966608	2877082	2.531912514	-0.827425680
282	316	35	7077	1432573	4243899	3.139139500	0.774228836
317	354	38	8627	1960743	5803635	4.370310881	0.403745702
355	398	44	11126	2816050	8397704	2.999827748	-1.376227856
399	446	48	13596	3855294	11514672	2.175274429	-1.133911534
447	501	55	17533	5595135	16656937	3.147412078	0.097259848
502	562	61	21744	7758518	23181414	3.063825027	-1.340092927
563	630	68	27215	10904499	32530875	2.840926224	-0.440397388
631	707	77	34633	15594073	46424159	4.099959957	0.021945376
708	794	87	43874	22149226	66014558	3.988510555	-0.089504026
795	891	97	54908	31115076	92731048	4.450853319	0.400701088
892	999	108	68431	43407295	129613379	3.144367465	-0.682885963
1000	1122	123	87416	62193688	185788282	2.801746681	-1.072958868
1123	1258	136	108278	86299810	258197352	1.837881611	-2.128683569
1259	1412	154	137844	123524074	368733478	4.531395757	-1.008961588
1413	1584	172	172704	173599320	518331854	3.623255387	0.358649184
1585	1778	194	218522	246405152	735905586	5.002011099	-0.855977040
1779	1995	217	274215	346910801	1036321799	4.742805115	-1.354626985
1996	2238	243	344447	488765511	1460309417	4.620210773	-0.820014363
2239	2511	273	433741	689893309	2062985189	3.385994778	-2.274084548
2512	2818	307	547536	977606068	2922131110	3.617166160	-0.508300543
2819	3162	344	688135	1378060801	4120965815	3.577986617	-1.500027964
3163	3548	386	866473	1947109759	5822104325	4.705981176	-2.419485527
3549	3981	433	1090258	2748199718	8219773832	2.786523614	-1.570114471
3982	4466	485	1370497	3876999593	11592107669	4.699891949	-1.107771707
4467	5011	545	1728181	5486018617	16399421599	5.671857346	-0.946686832
5012	5623	612	2176649	7750021127	23176347217	4.211870186	-1.403801631
5624	6309	686	2737657	10937410143	32707274835	4.874477368	-1.487388682
6310	7079	770	3447346	15450741606	46210407796	5.659851144	-2.432352991
7080	7943	864	4339266	21817233884	65265178170	4.191419153	-2.931002936
7944	8912	969	5460530	30805349670	92149776162	4.352504028	-2.547019258
8913	9999	1087	6874171	43520350123	130154845231	5.936752124	-1.608833186
10000	11220	1221	8664226	61549198664	184066335236	6.423740373	-0.904863109
11221	12589	1369	10897558	86842524158	259767436466	4.534500765	-3.587921324
12590	14125	1536	13718628	122661782350	366911060144	6.018616652	-2.212210225
14126	15848	1723	17265345	173198494983	518099186737	5.098297828	-2.792952880
15849	17782	1934	21743992	244737723432	732100337790	5.256338089	-2.225077689
17783	19952	2170	27375048	345724748350	1034165828844	6.009943640	-3.844310877
19953	22387	2435	34468342	488450792920	1461033786362	7.176945489	-2.369328830
22388	25118	2731	43368588	689455098738	2062578643816	4.417883793	-4.044975728
25119	28183	3065	54613884	974213461164	2914292564520	5.669967036	-2.951794008
28184	31622	3439	68762376	1376414210644	4117009547170	8.815828843	-2.091967022
31623	35481	3859	86565044	1943969647196	5815355233450	5.906827212	-3.480545585
35482	39810	4329	108950731	2745046043903	8212253636405	5.634753763	-5.746068978
39811	44668	4858	137179833	3877956138909	11601745321851	5.769759206	-5.896697922
44669	50118	5450	172688594	5477839388740	16386847538702	7.982662907	-2.617325014
50119	56234	6116	217433467	7738632268399	23150421584329	7.209067152	-3.308655808
56235	63095	6861	273687352	10929519088526	32695400468010	9.136857688	-3.430961574
63096	70794	7699	344595392	15440553909064	46189066160200	9.120140277	-1.834474629
70795	79432	8638	433774637	21806887069421	65236927533957	6.820437126	-5.036862004
79433	89125	9693	546121912	30803495987012	92155292405862	4.901728967	-7.122860588
89126	99999	10874	687436841	43506534140941	130155431092407	8.296801657	-5.860032838
100000	112201	12202	865502713	61458891124371	183863930814249	8.116475981	-6.819931639
112202	125892	13691	1089637945	86817569642049	259723276995525	7.497587298	-3.546415311
125893	141253	15361	1371738816	122631335334650	366859659508150	10.837572833	-6.382225428
141254	158489	17236	1726976749	173226660609097	518221360771249	11.324905586	-3.822734674
158490	177827	19338	2173951036	244661900043606	731944643967096	9.229661304	-6.789123135
177828	199526	21699	2737059130	345626603798678	1033981473137886	9.213758158	-5.338437602
199527	223872	24346	3445674536	488201421468948	1460506098133466	12.157460771	-5.271614959
223873	251188	27316	4337590604	689538002796312	2062895029785790	4.801632485	-10.982875563
251189	281838	30650	5460919052	974045577659420	2914030536170278	9.589030758	-10.336632355
281839	316227	34389	6874801842	1375874909586154	4116122329100356	10.928606928	-7.068804821
316228	354813	38586	8655056470	1943518433965638	5814309036443496	12.938391713	-8.031455193
354814	398107	43294	10896159282	2745347171866054	8212997170388006	13.740543294	-7.058726994
398108	446683	48576	13717114910	3877770426965048	11600879124691788	12.449121653	-5.419774314
446684	501187	54504	17268954031	5477495065549195	16386797027309039	9.176656703	-8.703672780
501188	562341	61154	21740036909	7737024189475603	23146660797731081	7.095666834	-10.869795505
562342	630957	68616	27369232647	10928945539420175	32695701618382831	12.058813762	-9.062467421
630958	707945	76988	34455773649	15437585008954319	46183817442988943	13.022059150	-8.241216031
707946	794328	86383	43377477837	21806131332123745	65236715558579619	10.177757205	-12.074079994
794329	891250	96922	54608533052	30801867455968648	92148498977916382	12.347718606	-8.457542449
891251	999999	108749	68748687298	43509281715745486	130164320399461056	15.304655517	-5.309392237
1000000	1122018	122019	86549757798	61458591944975060	183862641778409186	13.333801892	-7.454990136
1122019	1258925	136907	108959004567	86811844252523277	259711316340347111	13.101013040	-9.550892167
1258926	1412537	153612	137170573615	122623905482159459	366850116446121497	10.100536476	-13.595957423
1412538	1584893	172356	172688266845	173211854949205495	518191806483630555	11.888357512	-15.479635831
1584894	1778279	193386	217400696968	244666874578933958	731962160789261536	11.924877138	-15.719616751
1778280	1995262	216983	273692189276	345603025714083442	1033927574413479544	15.478307588	-15.184688757
1995263	2238721	243459	344560153011	488182922678897503	1460470253132742581	23.340098677	-6.269318465
2238722	2511886	273165	433772220665	689567585049412813	2062953430597153309	16.272767997	-14.375396783
2511887	2818382	306496	546086377696	974038721575726702	2913995763326492774	14.835990035	-15.692408105
2818383	3162277	343895	687483602011	1375869326187772099	4116137779350368783	13.085979244	-14.278229013
3162278	3548133	385856	865488226574	1943459327672294866	5814183497159799552	11.846866179	-15.883820876
3548134	3981071	432938	1089585547713	2745208790992752073	8212755912335986491	11.185873918	-25.479621150
3981072	4466835	485764	1371710619127	3877734394255616281	11600856634922419085	25.063031194	-12.616020559
4466836	5011872	545037	1726883149722	5477448976045905914	16386663892849747046	27.126488965	-15.576449725
5011873	5623413	611541	2174011753305	7737070630906596171	23146720971846739141	15.273981429	-23.601117960
5623414	6309573	686160	2736918350964	10928905339129042244	32695608643432178152	18.040223502	-16.755518804
6309574	7079457	769884	3445579785748	15437526422018582278	46183822484331134798	25.379448152	-9.544537096
7079458	7943282	863825	4337724705046	21806028936228499848	65236334136544447038	18.617614681	-22.750651712
7943283	8912509	969227	5460865921383	30801786925410241163	92148673787387751341	18.718406133	-22.038608526
8912510	9999999	1087490	6874823001467	43508707277114039355	130163461139818354159	25.438992400	-25.151255184
10000000	11220184	1220185	8654894505761	61457694130713137985	183860877991697883427	13.281508877	-22.966008826
11220185	12589254	1369070	10895881477518	86811542357481271992	259710755799923777136	34.447342393	-16.217090027
12589255	14125375	1536121	13717093402890	122624470659817328290	366850958077795634724	29.246470635	-16.976074520
14125376	15848931	1723556	17268792216316	173211571587175122742	518190572772544652984	34.422384527	-17.353788842
15848932	17782794	1933863	21740113131898	244667502742419726136	731963386798974138092	19.393708774	-28.162607012
17782795	19952623	2169829	27369169597190	345601909483980190092	1033925364890716961976	26.371670688	-33.240808298
19952624	22387211	2434588	34455761559910	488176204211724493520	1460459119889943483844	24.761789747	-22.017492885
22387212	25118864	2731653	43377218857190	689566664788134643738	2062952625444787417816	17.616591227	-30.993155317
25118865	28183829	3064965	54608705665089	974039652305428434877	2913999264605884424073	34.264065098	-28.778869131
28183830	31622776	3438947	68748293702885	1375867935620513733891	4116133693731564930743	29.175263268	-15.830435090
31622777	35481338	3858562	86548948295624	1943463959646933515372	5814191589777220599042	27.865515486	-31.525251316
35481339	39810717	4329379	108958711474002	2745217136076822513654	8212767117755640110494	32.568704916	-23.200498835
39810718	44668359	4857642	137170848416046	3877720718940717381110	11600838298073081071322	34.581066049	-24.128765496
44668360	50118723	5450364	172687822119616	5477423202295597632632	16386615264155969184056	23.661823077	-36.817351275
50118724	56234132	6115409	217401088665647	7737066101239306556519	23146709473377465215655	24.996240645	-40.229092250
56234133	63095734	6861602	273691779655831	10928897831043970414213	32695598903829195870933	24.182746149	-33.816933785
63095735	70794578	7698844	344557604437703	15437484850820027925147	46183770257539455982825	43.494403444	-30.386564429
70794579	79432823	8638245	433772317837414	21806026321778464114024	65236308267751265687962	39.749645322	-25.332088851
79432824	89125093	9692270	546087024086481	30801835377529393799577	92148739710664534347425	42.764628132	-29.284473391
89125094	99999999	10874906	687482839082869	43508748456038784917985	130163554598364653863119	53.133793220	-32.955744791
100000000	112201845	12201846	865489289970254	61457691201874587301106	183860839945816832584682	23.462028639	-59.160748038
112201846	125892541	13690696	1089586641435915	86811327382063371616773	259710383134743465305589	27.203708657	-43.419082087
125892542	141253754	15361213	1371708318176099	122624265626689827797947	366850669451976380894857	35.487754148	-43.974279453
141253755	158489319	17235565	1726878650232617	173211410505030739207649	518190398514957705303667	43.774639208	-46.591051452
158489320	177827941	19338622	2174011346263078	244667605766249727997222	731963371780856874998842	35.713773346	-39.630016138
177827942	199526231	21698290	2736917996388695	345602157066539970549023	1033925691442501554850409	41.852780227	-36.435783716
199526232	223872113	24345882	3445575799638473	488176071588434669924807	1460458933389935312908059	52.855699539	-38.232811202
223872114	251188643	27316530	4337722732281813	689566933993896641761067	2062952976079020097305759	59.598447881	-52.047657234
251188644	281838293	30649650	5460869446201675	974039239979196739284417	2913998582304935001775397	49.042135459	-43.197385531
281838294	316227766	34389473	6874827201592662	1375866941086282345586332	4116132324134979281393344	39.892289803	-52.372845390
316227767	354813389	38585623	8654893837683739	1943463355139687346013777	5814190886093591539030697	25.574902843	-81.847228231
354813390	398107170	43293781	10895866664584322	2745215417396840049316116	8212763593313837704575974	41.944825468	-58.134722282
398107171	446683592	48576422	13717084702325929	3877720491327389544632709	11600837977470880523231707	73.795050843	-39.368471022
446683593	501187233	54503641	17268785654850060	5477425316722333189718802	16386618353147110312269342	86.706638378	-57.009897501
501187234	562341325	61154092	21740113059993594	7737068791607961733674014	23146713659649192323986530	51.285919619	-43.501642103
562341326	630957344	68616019	27369179232106788	10928899042412273180293648	32695600230736131233412496	43.602549415	-64.055565019
630957345	707945784	76988440	34455755757586880	15437480565550885820922286	46183763502939833955909370	54.086050076	-87.890987257
707945785	794328234	86382450	43377225679926585	21806020207360954829348755	65236298687837202189903141	42.215232794	-71.209371793
794328235	891250938	96922704	54608693697431628	30801824229610530893183972	92148724613274503018215752	60.287586540	-67.120850865
891250939	999999999	108749061	68748272838191650	43508734514950281698030662	130163534275867778547525776	80.233088641	-45.002713426
1000000000	1122018454	122018455	86548947609970684	61457720094553351203690246	183860878956317542163587118	62.662176456	-59.812059432
1122018455	1258925411	136906957	108958668836417818	86811336831922605599387048	259710393001945172828573538	83.087030488	-56.917415711
1258925412	1412537544	153612133	137170836910730874	122624271685977383268636712	366850680322568308751462812	72.080442558	-64.151508883
1412537545	1584893192	172355648	172687850760881706	173211384562661063833414044	518190354624137558687918896	64.061835835	-68.523282692
1584893193	1778279410	193386218	217401122851158973	244667581799590372987262217	731963328659024168868889661	68.379291101	-79.060165052
1778279411	1995262314	216982904	273691796342891437	345602143094131525031969737	1033925676261443317415824127	53.924906532	-74.628520174
1995262315	2238721138	243458824	344557559939025435	488176006745954986205935825	1460458846353128869947453273	51.586511734	-75.427061336
2238721139	2511886431	273165293	433772269153049213	689566942129421846380167121	2062952957854153342877150839	76.569572991	-82.150086145
2511886432	2818382931	306496500	546086939942495780	974039221758025174802987642	2913998546311737720464477214	105.029687474	-109.348948805
2818382932	3162277660	343894729	687482730965862686	1375866991923294993116953706	4116132382493665169183066370	118.583016874	-43.248540845
3162277661	3548133892	385856232	865489459581026957	1943463689204122278751029523	5814191387051616470465652049	106.166875822	-112.708736826
3548133893	3981071705	432937813	1089586671071529689	2745215415854151735601329425	8212763607538217226140434403	105.326977702	-111.951772108
3981071706	4466835921	485764216	1371708346311458878	3877719825353396739938713722	11600836916956637854694139336	59.121317330	-113.823786332
4466835922	5011872336	545036415	1726878505403522168	5477424907719663905978992608	16386617797680575101852226920	107.420059886	-96.965442046
5011872337	5623413251	611540915	2174011244413487926	7737068415734884019400517028	23146712978659118279754724042	114.303583691	-85.894923080
5623413252	6309573444	686160193	2736918007132486743	10928899660904172368008445205	32695601191948889979841670471	109.879817173	-67.570710163
6309573445	7079457843	769884399	3445575620312750386	15437481010467331357370886946	46183764100498934868623883330	115.448125310	-89.018550838
7079457844	7943282347	863824504	4337722696773674075	21806021414724928873564118047	65236300610522657495536958733	113.186189369	-99.564776032
7943282348	8912509381	969227034	5460869351801874381	30801824190514888544937207239	92148724214333976429056565623	108.209722536	-92.166862003
8912509382	9999999999	1087490618	6874827165334413616	43508732718196122555317492396	130163532013047123117885561752	94.750256073	-94.956321297
10000000000	10000000000	1	6685241558	44692454688810267364	133704831166685241558	-8.917981544	-9.586505701
