# run=feedback_a0.750_K2_c1 alpha=0.7500 X=10000000000 Y=20000000000 K=2 c=1 nR(Y)=3186035 nR(X)=1957582 D(X)=5290.509 max|D|/p^(a/2)=1.369 forced=0 logrho_Y=-1.944978544592 tail=-0.000390327898 rho=0.142934489012
feedback_a0.750_K2_c1,1,1,0.857066,0.714131,6.171646e-01,1,0
feedback_a0.750_K2_c1,2,2,0.714131,0.571197,4.130167e-01,1,0
feedback_a0.750_K2_c1,3,3,0.571197,0.428262,2.497294e-01,1,0
feedback_a0.750_K2_c1,4,4,0.428262,0.285328,1.273025e-01,1,0
feedback_a0.750_K2_c1,5,5,0.285328,0.142393,4.573623e-02,1,0
feedback_a0.750_K2_c1,6,6,0.142393,-0.000541,5.030472e-03,1,0
feedback_a0.750_K2_c1,7,7,-0.000541,-0.143476,5.185248e-03,1,0
feedback_a0.750_K2_c1,8,8,-0.143476,-0.286410,4.620056e-02,1,0
feedback_a0.750_K2_c1,9,9,-0.286410,-0.429345,1.280764e-01,1,0
feedback_a0.750_K2_c1,10,11,0.427721,-0.572279,3.777293e-01,2,0
feedback_a0.750_K2_c1,12,12,0.284786,0.141852,4.550495e-02,1,0
feedback_a0.750_K2_c1,13,14,0.141852,-0.144017,1.021748e-02,2,0
feedback_a0.750_K2_c1,15,15,-0.144017,-0.286952,4.643360e-02,1,0
feedback_a0.750_K2_c1,16,17,-0.286952,-0.572821,3.798196e-01,2,0
feedback_a0.750_K2_c1,18,19,0.284245,-0.715755,4.603813e-01,2,0
feedback_a0.750_K2_c1,20,22,0.141310,-0.287493,5.688764e-02,3,0
feedback_a0.750_K2_c1,23,25,-0.287493,-0.716297,7.965563e-01,3,0
feedback_a0.750_K2_c1,26,28,-0.716297,-1.145100,2.639459e+00,3,0
feedback_a0.750_K2_c1,29,31,-0.145100,-0.573904,4.285854e-01,3,0
feedback_a0.750_K2_c1,32,35,-0.573904,-1.145642,3.058987e+00,4,0
feedback_a0.750_K2_c1,36,39,-0.288576,-1.288576,2.281175e+00,4,0
feedback_a0.750_K2_c1,40,44,0.139686,-0.860314,8.099085e-01,5,0
feedback_a0.750_K2_c1,45,50,0.282079,-0.717921,7.736429e-01,6,0
feedback_a0.750_K2_c1,51,56,0.424472,-0.575528,5.634839e-01,6,0
feedback_a0.750_K2_c1,57,63,0.280996,-0.719004,9.067395e-01,7,0
feedback_a0.750_K2_c1,64,70,0.423389,-0.576611,6.122453e-01,7,0
feedback_a0.750_K2_c1,71,79,-0.148349,-1.291825,5.138251e+00,9,0
feedback_a0.750_K2_c1,80,89,0.278830,-0.863563,2.218487e+00,10,0
feedback_a0.750_K2_c1,90,99,0.135896,-0.864645,1.561036e+00,10,0
feedback_a0.750_K2_c1,100,112,0.563617,-1.151597,4.091856e+00,13,0
feedback_a0.750_K2_c1,113,125,-0.151597,-1.295073,7.376275e+00,13,0
feedback_a0.750_K2_c1,126,141,0.417975,-1.152680,2.761552e+00,16,0
feedback_a0.750_K2_c1,142,158,0.416892,-1.297239,6.465764e+00,17,0
feedback_a0.750_K2_c1,159,177,0.272333,-1.298322,6.803535e+00,19,0
feedback_a0.750_K2_c1,178,199,0.414726,-1.300487,6.567281e+00,22,0
feedback_a0.750_K2_c1,200,223,-0.159177,-1.874391,3.314229e+01,24,0
feedback_a0.750_K2_c1,224,251,0.268002,-1.876557,2.525655e+01,28,0
feedback_a0.750_K2_c1,252,281,0.407147,-1.734164,2.620961e+01,30,0
feedback_a0.750_K2_c1,282,316,-0.307526,-2.880888,9.783499e+01,35,0
feedback_a0.750_K2_c1,317,354,0.544125,-1.598268,2.060864e+01,38,0
feedback_a0.750_K2_c1,355,398,1.400649,-1.172171,1.345116e+01,44,0
feedback_a0.750_K2_c1,399,446,0.539794,-1.604765,1.936166e+01,48,0
feedback_a0.750_K2_c1,447,501,0.536545,-1.609096,3.177893e+01,55,0
feedback_a0.750_K2_c1,502,562,0.531131,-2.327559,7.663952e+01,61,0
feedback_a0.750_K2_c1,563,630,0.669193,-2.191663,3.511564e+01,68,0
feedback_a0.750_K2_c1,631,707,0.517054,-2.621007,8.499566e+01,77,0
feedback_a0.750_K2_c1,708,794,0.654033,-1.913374,5.939269e+01,87,0
feedback_a0.750_K2_c1,795,891,0.793178,-1.634002,2.947087e+01,97,0
feedback_a0.750_K2_c1,892,999,0.500812,-2.217651,1.062544e+02,108,0
feedback_a0.750_K2_c1,1000,1122,0.779101,-1.653493,3.783408e+01,123,0
feedback_a0.750_K2_c1,1123,1258,0.474823,-3.517597,3.616845e+02,136,0
feedback_a0.750_K2_c1,1259,1412,0.757444,-3.533840,2.818014e+02,154,0
feedback_a0.750_K2_c1,1413,1584,1.597725,-3.395778,1.821355e+02,172,0
feedback_a0.750_K2_c1,1585,1778,0.446669,-2.842448,3.157152e+02,194,0
feedback_a0.750_K2_c1,1779,1995,0.718461,-3.001084,3.551451e+02,217,0
feedback_a0.750_K2_c1,1996,2238,0.559825,-3.884679,7.011843e+02,243,0
feedback_a0.750_K2_c1,2239,2511,1.520843,-3.032487,3.669637e+02,273,0
feedback_a0.750_K2_c1,2512,2818,0.925282,-2.776937,3.508572e+02,307,0
feedback_a0.750_K2_c1,2819,3162,0.920951,-6.101789,1.937200e+03,344,0
feedback_a0.750_K2_c1,3163,3548,1.310231,-5.673527,1.783776e+03,386,0
feedback_a0.750_K2_c1,3549,3981,1.439630,-4.150517,1.096315e+03,433,0
feedback_a0.750_K2_c1,3982,4466,0.975634,-4.890636,1.949726e+03,485,0
feedback_a0.750_K2_c1,4467,5011,1.345422,-3.809965,9.367859e+02,545,0
feedback_a0.750_K2_c1,5012,5623,1.285865,-3.105580,8.076403e+02,612,0
feedback_a0.750_K2_c1,5624,6309,1.240386,-4.162971,1.502822e+03,686,0
feedback_a0.750_K2_c1,6310,7079,1.029773,-4.792100,1.172765e+03,770,0
feedback_a0.750_K2_c1,7080,7943,0.985377,-5.433140,3.555905e+03,864,0
feedback_a0.750_K2_c1,7944,8912,1.185701,-3.778565,1.544100e+03,969,0
feedback_a0.750_K2_c1,8913,9999,1.583643,-6.180299,4.942305e+03,1087,0
feedback_a0.750_K2_c1,10000,11220,1.074168,-5.426645,7.082342e+03,1221,0
feedback_a0.750_K2_c1,11221,12589,1.927984,-5.481870,5.037025e+03,1369,0
feedback_a0.750_K2_c1,12590,14125,2.448828,-4.654043,4.129761e+03,1536,0
feedback_a0.750_K2_c1,14126,15848,1.451534,-5.964817,8.108703e+03,1723,0
feedback_a0.750_K2_c1,15849,17782,1.337835,-5.871695,1.115441e+04,1934,0
feedback_a0.750_K2_c1,17783,19952,2.178656,-6.358973,8.944766e+03,2170,0
feedback_a0.750_K2_c1,19953,22387,2.964253,-3.294005,2.780236e+03,2435,0
feedback_a0.750_K2_c1,22388,25118,2.086612,-8.781283,2.655138e+04,2731,0
feedback_a0.750_K2_c1,25119,28183,2.118012,-7.262605,2.741960e+04,3065,0
feedback_a0.750_K2_c1,28184,31622,1.789910,-6.823517,1.394030e+04,3439,0
feedback_a0.750_K2_c1,31623,35481,2.966952,-7.425036,1.650226e+04,3859,0
feedback_a0.750_K2_c1,35482,39810,2.354603,-10.373062,5.821708e+04,4329,0
feedback_a0.750_K2_c1,39811,44668,2.040038,-8.070413,4.403814e+04,4858,0
feedback_a0.750_K2_c1,44669,50118,2.907385,-13.142423,6.110833e+04,5450,0
feedback_a0.750_K2_c1,50119,56234,2.670785,-10.598844,7.173292e+04,6116,0
feedback_a0.750_K2_c1,56235,63095,2.727088,-9.138644,8.903248e+04,6861,0
feedback_a0.750_K2_c1,63096,70794,2.416846,-7.170047,3.280210e+04,7699,0
feedback_a0.750_K2_c1,70795,79432,3.903580,-8.923170,6.935254e+04,8638,0
feedback_a0.750_K2_c1,79433,89125,3.318843,-6.908015,5.048898e+04,9693,0
feedback_a0.750_K2_c1,89126,99999,3.257113,-9.449983,7.205499e+04,10874,0
feedback_a0.750_K2_c1,100000,112201,3.407617,-13.898281,1.901019e+05,12202,0
feedback_a0.750_K2_c1,112202,125892,4.644210,-8.037433,6.447193e+04,13691,0
feedback_a0.750_K2_c1,125893,141253,2.220815,-10.202040,1.600034e+05,15361,0
feedback_a0.750_K2_c1,141254,158489,2.760058,-11.757545,2.039109e+05,17236,0
feedback_a0.750_K2_c1,158490,177827,5.155813,-8.465193,1.490976e+05,19338,0
feedback_a0.750_K2_c1,177828,199526,4.863445,-11.197192,1.676879e+05,21699,0
feedback_a0.750_K2_c1,199527,223872,3.940312,-11.944911,2.658239e+05,24346,0
feedback_a0.750_K2_c1,223873,251188,2.515267,-18.126846,1.179246e+06,27316,0
feedback_a0.750_K2_c1,251189,281838,4.317639,-11.570280,2.943157e+05,30650,0
feedback_a0.750_K2_c1,281839,316227,7.593196,-16.730025,1.270328e+06,34389,0
feedback_a0.750_K2_c1,316228,354813,5.025237,-12.105785,6.082206e+05,38586,0
feedback_a0.750_K2_c1,354814,398107,4.457247,-22.122064,2.637962e+06,43294,0
feedback_a0.750_K2_c1,398108,446683,6.324573,-13.121012,6.092652e+05,48576,0
feedback_a0.750_K2_c1,446684,501187,5.521605,-22.987865,1.688304e+06,54504,0
feedback_a0.750_K2_c1,501188,562341,5.503154,-19.266736,1.779646e+06,61154,0
feedback_a0.750_K2_c1,562342,630957,5.700767,-15.267871,1.266335e+06,68616,0
feedback_a0.750_K2_c1,630958,707945,8.482493,-19.631165,2.091783e+06,76988,0
feedback_a0.750_K2_c1,707946,794328,7.097523,-18.172665,2.016873e+06,86383,0
feedback_a0.750_K2_c1,794329,891250,6.074197,-21.689233,3.461053e+06,96922,0
feedback_a0.750_K2_c1,891251,999999,5.257611,-30.397458,5.580678e+06,108749,0
feedback_a0.750_K2_c1,1000000,1122018,10.498466,-11.975756,1.603612e+06,122019,0
feedback_a0.750_K2_c1,1122019,1258925,6.907227,-28.309419,1.205048e+07,136907,0
feedback_a0.750_K2_c1,1258926,1412537,9.597398,-15.728512,3.194566e+06,153612,0
feedback_a0.750_K2_c1,1412538,1584893,8.543728,-28.366383,1.020518e+07,172356,0
feedback_a0.750_K2_c1,1584894,1778279,12.486712,-23.428870,8.518884e+06,193386,0
feedback_a0.750_K2_c1,1778280,1995262,9.057311,-19.760346,5.822343e+06,216983,0
feedback_a0.750_K2_c1,1995263,2238721,6.063541,-24.660806,1.744159e+07,243459,0
feedback_a0.750_K2_c1,2238722,2511886,19.287502,-31.137929,3.014614e+07,273165,0
feedback_a0.750_K2_c1,2511887,2818382,21.448815,-31.912446,2.547088e+07,306496,0
feedback_a0.750_K2_c1,2818383,3162277,14.741878,-34.383037,2.023552e+07,343895,0
feedback_a0.750_K2_c1,3162278,3548133,10.150608,-65.825241,1.526304e+08,385856,0
feedback_a0.750_K2_c1,3548134,3981071,20.103190,-28.281377,3.273050e+07,432938,0
feedback_a0.750_K2_c1,3981072,4466835,16.904166,-27.599249,2.333158e+07,485764,0
feedback_a0.750_K2_c1,4466836,5011872,14.875106,-29.076053,4.116749e+07,545037,0
feedback_a0.750_K2_c1,5011873,5623413,10.065812,-54.808956,1.423925e+08,611541,0
feedback_a0.750_K2_c1,5623414,6309573,17.673936,-26.376864,3.225057e+07,686160,0
feedback_a0.750_K2_c1,6309574,7079457,21.454828,-31.467140,7.227188e+07,769884,0
feedback_a0.750_K2_c1,7079458,7943282,8.463785,-40.029057,1.544646e+08,863825,0
feedback_a0.750_K2_c1,7943283,8912509,20.611142,-39.314930,1.150252e+08,969227,0
feedback_a0.750_K2_c1,8912510,9999999,21.738475,-57.306175,1.637323e+08,1087490,0
feedback_a0.750_K2_c1,10000000,11220184,26.350247,-32.038708,1.226308e+08,1220185,0
feedback_a0.750_K2_c1,11220185,12589254,14.743980,-48.853042,3.026244e+08,1369070,0
feedback_a0.750_K2_c1,12589255,14125375,29.301343,-53.476377,4.262402e+08,1536121,0
feedback_a0.750_K2_c1,14125376,15848931,25.054873,-43.611575,2.089187e+08,1723556,0
feedback_a0.750_K2_c1,15848932,17782794,21.181120,-49.661816,1.850018e+08,1933863,0
feedback_a0.750_K2_c1,17782795,19952623,22.391305,-54.889972,5.247890e+08,2169829,0
feedback_a0.750_K2_c1,19952624,22387211,24.420185,-73.189371,6.246248e+08,2434588,0
feedback_a0.750_K2_c1,22387212,25118864,33.113122,-43.314275,3.885800e+08,2731653,0
feedback_a0.750_K2_c1,25118865,28183829,38.270885,-64.515776,8.826866e+08,3064965,0
feedback_a0.750_K2_c1,28183830,31622776,30.012637,-59.037691,7.293526e+08,3438947,0
feedback_a0.750_K2_c1,31622777,35481338,52.377584,-75.296259,2.690197e+09,3858562,0
feedback_a0.750_K2_c1,35481339,39810717,50.671562,-48.936610,2.757013e+09,4329379,0
feedback_a0.750_K2_c1,39810718,44668359,45.166017,-106.016411,4.280685e+09,4857642,0
feedback_a0.750_K2_c1,44668360,50118723,33.826677,-76.976070,3.351933e+09,5450364,0
feedback_a0.750_K2_c1,50118724,56234132,56.742601,-59.959533,2.574747e+09,6115409,0
feedback_a0.750_K2_c1,56234133,63095734,53.747616,-65.189944,1.967095e+09,6861602,0
feedback_a0.750_K2_c1,63095735,70794578,82.117152,-90.605815,9.853723e+09,7698844,0
feedback_a0.750_K2_c1,70794579,79432823,32.764568,-91.833448,6.420300e+09,8638245,0
feedback_a0.750_K2_c1,79432824,89125093,61.603145,-56.032078,4.667077e+09,9692270,0
feedback_a0.750_K2_c1,89125094,99999999,78.021953,-111.680704,1.049366e+10,10874906,0
feedback_a0.750_K2_c1,100000000,112201845,59.485315,-122.752049,8.415058e+09,12201846,0
feedback_a0.750_K2_c1,112201846,125892541,111.025166,-97.406778,2.845204e+10,13690696,0
feedback_a0.750_K2_c1,125892542,141253754,83.041076,-95.205835,1.699139e+10,15361213,0
feedback_a0.750_K2_c1,141253755,158489319,121.400020,-146.430392,5.270892e+10,17235565,0
feedback_a0.750_K2_c1,158489320,177827941,96.790709,-149.324463,6.069429e+10,19338622,0
feedback_a0.750_K2_c1,177827942,199526231,77.224309,-172.044885,6.076358e+10,21698290,0
feedback_a0.750_K2_c1,199526232,223872113,109.771877,-41.998650,4.138680e+10,24345882,0
feedback_a0.750_K2_c1,223872114,251188643,153.237406,-135.904821,1.470079e+11,27316530,0
feedback_a0.750_K2_c1,251188644,281838293,116.767590,-141.360723,8.322487e+10,30649650,0
feedback_a0.750_K2_c1,281838294,316227766,98.071871,-93.055115,4.579548e+10,34389473,0
feedback_a0.750_K2_c1,316227767,354813389,131.852051,-112.836337,1.037578e+11,38585623,0
feedback_a0.750_K2_c1,354813390,398107170,125.440152,-112.362089,9.889107e+10,43293781,0
feedback_a0.750_K2_c1,398107171,446683592,78.653693,-120.492526,4.916630e+10,48576422,0
feedback_a0.750_K2_c1,446683593,501187233,111.130113,-174.725392,1.407969e+11,54503641,0
feedback_a0.750_K2_c1,501187234,562341325,195.162581,-105.930895,7.350625e+11,61154092,0
feedback_a0.750_K2_c1,562341326,630957344,156.860628,-120.556084,2.329370e+11,68616019,0
feedback_a0.750_K2_c1,630957345,707945784,128.118834,-168.670836,2.087748e+11,76988440,0
feedback_a0.750_K2_c1,707945785,794328234,285.993097,-197.021984,1.735829e+12,86382450,0
feedback_a0.750_K2_c1,794328235,891250938,201.412669,-141.228788,5.862930e+11,96922704,0
feedback_a0.750_K2_c1,891250939,999999999,218.624405,-104.464878,1.319130e+12,108749061,0
feedback_a0.750_K2_c1,1000000000,1122018454,176.110304,-225.171839,7.401397e+11,122018455,0
feedback_a0.750_K2_c1,1122018455,1258925411,356.695816,-172.804848,2.698271e+12,136906957,0
feedback_a0.750_K2_c1,1258925412,1412537544,331.423464,-131.374122,3.385051e+12,153612133,0
feedback_a0.750_K2_c1,1412537545,1584893192,252.236502,-157.860279,2.275939e+12,172355648,0
feedback_a0.750_K2_c1,1584893193,1778279410,467.600939,-275.539002,8.443332e+12,193386218,0
feedback_a0.750_K2_c1,1778279411,1995262314,462.400332,-277.712148,1.097562e+13,216982904,0
feedback_a0.750_K2_c1,1995262315,2238721138,432.189724,-184.854610,1.271242e+13,243458824,0
feedback_a0.750_K2_c1,2238721139,2511886431,347.171278,-211.720341,6.463909e+12,273165293,0
feedback_a0.750_K2_c1,2511886432,2818382931,443.149242,-260.779416,1.397783e+13,306496500,0
feedback_a0.750_K2_c1,2818382932,3162277660,385.708126,-141.796008,1.166745e+13,343894729,0
feedback_a0.750_K2_c1,3162277661,3548133892,812.676891,-13.038666,6.372324e+13,385856232,0
feedback_a0.750_K2_c1,3548133893,3981071705,282.269973,-243.399567,7.624721e+12,432937813,0
feedback_a0.750_K2_c1,3981071706,4466835921,545.320300,-108.807889,6.055920e+13,485764216,0
feedback_a0.750_K2_c1,4466835922,5011872336,746.601160,-232.289514,8.613003e+13,545036415,0
feedback_a0.750_K2_c1,5011872337,5623413251,848.708982,-0.695175,9.688317e+13,611540915,0
feedback_a0.750_K2_c1,5623413252,6309573444,735.806191,-373.300505,1.167730e+14,686160193,0
feedback_a0.750_K2_c1,6309573445,7079457843,767.901147,-299.554614,9.084239e+13,769884399,0
feedback_a0.750_K2_c1,7079457844,7943282347,1182.707887,8.036660,4.941899e+14,863824504,0
feedback_a0.750_K2_c1,7943282348,8912509381,1103.932639,-203.068791,2.445859e+14,969227034,0
feedback_a0.750_K2_c1,8912509382,9999999999,1507.443619,-488.701144,6.634333e+14,1087490618,0
feedback_a0.750_K2_c1,10000000000,10000000000,-8.116920,-8.259855,6.704969e+01,1,0
