# run=feedback_a0.750_K0.5_c1_corr alpha=0.7500 X=10000000000 Y=20000000000 K=0.5 c=1 nR(Y)=3181493 nR(X)=1953040 D(X)=748.509 max|D|/p^(a/2)=0.500 forced=26708066 logrho_Y=-1.845969102325 tail=-0.000390327898 rho=0.157810642446
feedback_a0.750_K0.5_c1_corr,1,1,0.842189,0.684379,5.826025e-01,1,0
feedback_a0.750_K0.5_c1_corr,2,2,0.684379,0.526568,3.665980e-01,1,0
feedback_a0.750_K0.5_c1_corr,3,3,0.526568,0.368757,2.004019e-01,1,0
feedback_a0.750_K0.5_c1_corr,4,4,0.368757,0.210947,8.401425e-02,1,0
feedback_a0.750_K0.5_c1_corr,5,5,0.210947,0.053136,1.743495e-02,1,0
feedback_a0.750_K0.5_c1_corr,6,6,0.053136,-0.104674,6.640504e-04,1,0
feedback_a0.750_K0.5_c1_corr,7,7,0.895326,0.737515,6.665419e-01,1,0
feedback_a0.750_K0.5_c1_corr,8,8,0.737515,0.579704,4.337665e-01,1,0
feedback_a0.750_K0.5_c1_corr,9,9,0.579704,0.421894,2.507995e-01,1,0
feedback_a0.750_K0.5_c1_corr,10,11,0.421894,0.106272,1.519317e-01,2,0
feedback_a0.750_K0.5_c1_corr,12,12,0.106272,-0.051538,7.489510e-04,1,0
feedback_a0.750_K0.5_c1_corr,13,14,-0.051538,-0.367160,1.001061e-01,2,0
feedback_a0.750_K0.5_c1_corr,15,15,-0.367160,-0.524970,1.989739e-01,1,0
feedback_a0.750_K0.5_c1_corr,16,17,0.317219,-0.682781,4.214592e-01,2,0
feedback_a0.750_K0.5_c1_corr,18,19,0.159408,-0.156213,1.245721e-02,2,0
feedback_a0.750_K0.5_c1_corr,20,22,-0.156213,-0.629645,5.129876e-01,3,0
feedback_a0.750_K0.5_c1_corr,23,25,0.370355,-0.103077,1.033868e-01,3,0
feedback_a0.750_K0.5_c1_corr,26,28,-0.103077,-0.576509,3.961856e-01,3,0
feedback_a0.750_K0.5_c1_corr,29,31,0.423491,-0.049941,1.544636e-01,3,0
feedback_a0.750_K0.5_c1_corr,32,35,-0.049941,-0.681183,6.590628e-01,4,0
feedback_a0.750_K0.5_c1_corr,36,39,0.161006,-0.838994,6.447387e-01,4,0
feedback_a0.750_K0.5_c1_corr,40,44,0.529764,-0.470236,4.610888e-01,5,0
feedback_a0.750_K0.5_c1_corr,45,50,0.267279,-0.732721,8.568298e-01,6,0
feedback_a0.750_K0.5_c1_corr,51,56,-0.048343,-0.995207,2.069316e+00,6,0
feedback_a0.750_K0.5_c1_corr,57,63,0.373551,-1.310828,3.229026e+00,7,0
feedback_a0.750_K0.5_c1_corr,64,70,0.426687,-0.573313,5.635645e-01,7,0
feedback_a0.750_K0.5_c1_corr,71,79,0.532959,-0.520177,9.173042e-01,9,0
feedback_a0.750_K0.5_c1_corr,80,89,0.375149,-1.045147,2.519662e+00,10,0
feedback_a0.750_K0.5_c1_corr,90,99,-0.202958,-1.307632,5.629366e+00,10,0
feedback_a0.750_K0.5_c1_corr,100,112,0.114261,-0.938875,3.405197e+00,13,0
feedback_a0.750_K0.5_c1_corr,113,125,0.220534,-0.884141,2.465740e+00,13,0
feedback_a0.750_K0.5_c1_corr,126,141,0.379942,-1.041952,2.378337e+00,16,0
feedback_a0.750_K0.5_c1_corr,142,158,0.223729,-1.513786,9.089770e+00,17,0
feedback_a0.750_K0.5_c1_corr,159,177,0.592487,-1.301241,7.874960e+00,19,0
feedback_a0.750_K0.5_c1_corr,178,199,0.542546,-1.248105,5.898158e+00,22,0
feedback_a0.750_K0.5_c1_corr,200,223,-0.035560,-2.191773,3.034077e+01,24,0
feedback_a0.750_K0.5_c1_corr,224,251,0.283256,-1.823016,2.059733e+01,28,0
feedback_a0.750_K0.5_c1_corr,252,281,0.548937,-1.557335,1.015818e+01,30,0
feedback_a0.750_K0.5_c1_corr,282,316,1.392724,-1.447867,1.788718e+01,35,0
feedback_a0.750_K0.5_c1_corr,317,354,0.292843,-2.235323,6.935770e+01,38,0
feedback_a0.750_K0.5_c1_corr,355,398,1.296039,-0.916506,1.041729e+01,44,0
feedback_a0.750_K0.5_c1_corr,399,446,0.614856,-1.544553,2.121429e+01,48,0
feedback_a0.750_K0.5_c1_corr,447,501,1.199353,-1.119464,1.365911e+01,55,0
feedback_a0.750_K0.5_c1_corr,502,562,0.621247,-1.375558,2.330714e+01,61,0
feedback_a0.750_K0.5_c1_corr,563,630,0.737106,-1.634847,3.263460e+01,68,0
feedback_a0.750_K0.5_c1_corr,631,707,0.846574,-1.259699,2.439711e+01,77,0
feedback_a0.750_K0.5_c1_corr,708,794,0.537344,-2.196976,8.725982e+01,87,0
feedback_a0.750_K0.5_c1_corr,795,891,1.281250,-2.668810,1.505876e+02,97,0
feedback_a0.750_K0.5_c1_corr,892,999,0.659594,-2.134253,8.933470e+01,108,0
feedback_a0.750_K0.5_c1_corr,1000,1122,0.669181,-1.702772,4.855625e+01,123,0
feedback_a0.750_K0.5_c1_corr,1123,1258,0.263265,-3.374369,4.216976e+02,136,0
feedback_a0.750_K0.5_c1_corr,1259,1412,0.582082,-2.777089,2.292392e+02,154,0
feedback_a0.750_K0.5_c1_corr,1413,1584,0.710723,-3.248923,1.688664e+02,172,0
feedback_a0.750_K0.5_c1_corr,1585,1778,1.029540,-2.492235,1.739446e+02,194,0
feedback_a0.750_K0.5_c1_corr,1779,1995,0.942441,-3.360398,4.912521e+02,217,0
feedback_a0.750_K0.5_c1_corr,1996,2238,0.749070,-3.656845,7.735993e+02,243,0
feedback_a0.750_K0.5_c1_corr,2239,2511,1.256056,-2.684417,1.684255e+02,273,0
feedback_a0.750_K0.5_c1_corr,2512,2818,0.909668,-3.418736,5.730804e+02,307,0
feedback_a0.750_K0.5_c1_corr,2819,3162,0.932037,-3.599325,9.799226e+02,344,0
feedback_a0.750_K0.5_c1_corr,3163,3548,0.923639,-3.288906,7.493655e+02,386,0
feedback_a0.750_K0.5_c1_corr,3549,3981,1.617604,-3.628903,7.239792e+02,433,0
feedback_a0.750_K0.5_c1_corr,3982,4466,1.440211,-2.584165,4.562446e+02,485,0
feedback_a0.750_K0.5_c1_corr,4467,5011,1.588026,-4.136706,1.328909e+03,545,0
feedback_a0.750_K0.5_c1_corr,5012,5623,1.389453,-4.407590,1.935248e+03,612,0
feedback_a0.750_K0.5_c1_corr,5624,6309,1.277978,-3.909002,1.314986e+03,686,0
feedback_a0.750_K0.5_c1_corr,6310,7079,1.501298,-4.310533,1.641837e+03,770,0
feedback_a0.750_K0.5_c1_corr,7080,7943,1.237995,-6.847097,3.794308e+03,864,0
feedback_a0.750_K0.5_c1_corr,7944,8912,1.377412,-4.151943,2.130181e+03,969,0
feedback_a0.750_K0.5_c1_corr,8913,9999,1.700613,-4.597023,3.448680e+03,1087,0
feedback_a0.750_K0.5_c1_corr,10000,11220,1.395768,-4.101631,1.719141e+03,1221,0
feedback_a0.750_K0.5_c1_corr,11221,12589,1.757316,-4.957830,5.896628e+03,1369,0
feedback_a0.750_K0.5_c1_corr,12590,14125,2.712131,-5.285862,5.135776e+03,1536,0
feedback_a0.750_K0.5_c1_corr,14126,15848,2.002558,-6.462067,7.936205e+03,1723,0
feedback_a0.750_K0.5_c1_corr,15849,17782,2.277008,-8.183233,1.327281e+04,1934,0
feedback_a0.750_K0.5_c1_corr,17783,19952,1.579029,-7.687470,2.928626e+04,2170,0
feedback_a0.750_K0.5_c1_corr,19953,22387,2.664492,-7.426991,9.551677e+03,2435,0
feedback_a0.750_K0.5_c1_corr,22388,25118,2.099539,-7.433459,1.242693e+04,2731,0
feedback_a0.750_K0.5_c1_corr,25119,28183,1.739921,-6.077113,1.492314e+04,3065,0
feedback_a0.750_K0.5_c1_corr,28184,31622,1.866927,-6.056379,1.569585e+04,3439,0
feedback_a0.750_K0.5_c1_corr,31623,35481,2.410994,-9.863455,4.525652e+04,3859,0
feedback_a0.750_K0.5_c1_corr,35482,39810,2.272319,-8.200704,2.303678e+04,4329,0
feedback_a0.750_K0.5_c1_corr,39811,44668,1.916268,-6.420534,2.851150e+04,4858,0
feedback_a0.750_K0.5_c1_corr,44669,50118,2.367217,-8.879661,4.759487e+04,5450,0
feedback_a0.750_K0.5_c1_corr,50119,56234,2.079091,-7.015959,2.094934e+04,6116,0
feedback_a0.750_K0.5_c1_corr,56235,63095,2.235228,-8.694917,4.343167e+04,6861,0
feedback_a0.750_K0.5_c1_corr,63096,70794,1.764877,-9.086937,7.270513e+04,7699,0
feedback_a0.750_K0.5_c1_corr,70795,79432,2.199030,-9.102249,5.871019e+04,8638,0
feedback_a0.750_K0.5_c1_corr,79433,89125,2.616016,-7.821932,4.454257e+04,9693,0
feedback_a0.750_K0.5_c1_corr,89126,99999,2.456826,-12.684968,1.964436e+05,10874,0
feedback_a0.750_K0.5_c1_corr,100000,112201,2.735955,-9.202882,1.202207e+05,12202,0
feedback_a0.750_K0.5_c1_corr,112202,125892,2.422112,-8.859993,1.013625e+05,13691,0
feedback_a0.750_K0.5_c1_corr,125893,141253,2.681621,-7.230168,6.845020e+04,15361,0
feedback_a0.750_K0.5_c1_corr,141254,158489,2.514033,-16.633040,2.732362e+05,17236,0
feedback_a0.750_K0.5_c1_corr,158490,177827,2.780227,-11.178677,3.383536e+05,19338,0
feedback_a0.750_K0.5_c1_corr,177828,199526,3.303999,-11.799001,1.968382e+05,21699,0
feedback_a0.750_K0.5_c1_corr,199527,223872,3.544553,-9.779172,2.356109e+05,24346,0
feedback_a0.750_K0.5_c1_corr,223873,251188,3.966960,-13.725151,5.650894e+05,27316,0
feedback_a0.750_K0.5_c1_corr,251189,281838,3.590014,-11.059366,2.301514e+05,30650,0
feedback_a0.750_K0.5_c1_corr,281839,316227,3.680517,-13.787446,5.744705e+05,34389,0
feedback_a0.750_K0.5_c1_corr,316228,354813,3.593190,-11.460022,3.674194e+05,38586,0
feedback_a0.750_K0.5_c1_corr,354814,398107,2.922992,-17.966503,9.920404e+05,43294,0
feedback_a0.750_K0.5_c1_corr,398108,446683,2.875401,-15.575995,1.056284e+06,48576,0
feedback_a0.750_K0.5_c1_corr,446684,501187,3.214494,-12.682210,8.218877e+05,54504,0
feedback_a0.750_K0.5_c1_corr,501188,562341,3.433849,-16.046012,7.149620e+05,61154,0
feedback_a0.750_K0.5_c1_corr,562342,630957,3.599781,-22.728261,2.626368e+06,68616,0
feedback_a0.750_K0.5_c1_corr,630958,707945,3.422807,-20.119463,2.062343e+06,76988,0
feedback_a0.750_K0.5_c1_corr,707946,794328,4.470579,-14.922640,1.216538e+06,86383,0
feedback_a0.750_K0.5_c1_corr,794329,891250,3.616777,-16.731532,1.659346e+06,96922,0
feedback_a0.750_K0.5_c1_corr,891251,999999,3.596909,-18.914851,3.027919e+06,108749,0
feedback_a0.750_K0.5_c1_corr,1000000,1122018,4.702088,-15.656027,2.601481e+06,122019,0
feedback_a0.750_K0.5_c1_corr,1122019,1258925,4.398479,-16.827010,2.803785e+06,136907,0
feedback_a0.750_K0.5_c1_corr,1258926,1412537,3.858824,-21.026886,4.178369e+06,153612,0
feedback_a0.750_K0.5_c1_corr,1412538,1584893,4.549347,-22.974378,6.002901e+06,172356,0
feedback_a0.750_K0.5_c1_corr,1584894,1778279,4.893300,-17.380826,3.444650e+06,193386,0
feedback_a0.750_K0.5_c1_corr,1778280,1995262,4.817814,-20.971772,4.508058e+06,216983,0
feedback_a0.750_K0.5_c1_corr,1995263,2238721,5.133873,-28.307080,1.150332e+07,243459,0
feedback_a0.750_K0.5_c1_corr,2238722,2511886,4.620078,-32.208454,1.893930e+07,273165,0
feedback_a0.750_K0.5_c1_corr,2511887,2818382,5.149908,-17.414579,5.472809e+06,306496,0
feedback_a0.750_K0.5_c1_corr,2818383,3162277,5.853946,-24.945341,1.041850e+07,343895,0
feedback_a0.750_K0.5_c1_corr,3162278,3548133,4.992183,-30.322335,2.261335e+07,385856,0
feedback_a0.750_K0.5_c1_corr,3548134,3981071,5.238177,-40.155945,3.239995e+07,432938,0
feedback_a0.750_K0.5_c1_corr,3981072,4466835,6.015571,-43.679641,5.488702e+07,485764,0
feedback_a0.750_K0.5_c1_corr,4466836,5011872,5.990225,-38.224564,3.254192e+07,545037,0
feedback_a0.750_K0.5_c1_corr,5011873,5623413,5.928748,-23.513584,1.952755e+07,611541,0
feedback_a0.750_K0.5_c1_corr,5623414,6309573,6.283297,-36.806284,3.280544e+07,686160,0
feedback_a0.750_K0.5_c1_corr,6309574,7079457,6.841574,-30.267790,2.553622e+07,769884,0
feedback_a0.750_K0.5_c1_corr,7079458,7943282,6.243447,-25.727269,4.695773e+07,863825,0
feedback_a0.750_K0.5_c1_corr,7943283,8912509,6.320865,-28.902807,4.291054e+07,969227,0
feedback_a0.750_K0.5_c1_corr,8912510,9999999,6.424208,-43.430088,8.634941e+07,1087490,0
feedback_a0.750_K0.5_c1_corr,10000000,11220184,7.375695,-35.693724,5.162754e+07,1220185,0
feedback_a0.750_K0.5_c1_corr,11220185,12589254,7.240539,-42.209592,8.235035e+07,1369070,0
feedback_a0.750_K0.5_c1_corr,12589255,14125375,6.483214,-45.323805,1.569174e+08,1536121,0
feedback_a0.750_K0.5_c1_corr,14125376,15848931,7.827083,-37.396476,9.404277e+07,1723556,0
feedback_a0.750_K0.5_c1_corr,15848932,17782794,10.024363,-37.720342,9.650405e+07,1933863,0
feedback_a0.750_K0.5_c1_corr,17782795,19952623,7.842758,-42.984672,1.284485e+08,2169829,0
feedback_a0.750_K0.5_c1_corr,19952624,22387211,7.140405,-51.782987,3.035209e+08,2434588,0
feedback_a0.750_K0.5_c1_corr,22387212,25118864,8.916610,-42.519959,2.315633e+08,2731653,0
feedback_a0.750_K0.5_c1_corr,25118865,28183829,9.618974,-46.674687,2.937833e+08,3064965,0
feedback_a0.750_K0.5_c1_corr,28183830,31622776,8.289127,-50.664376,2.662214e+08,3438947,0
feedback_a0.750_K0.5_c1_corr,31622777,35481338,7.825178,-45.925053,3.711352e+08,3858562,0
feedback_a0.750_K0.5_c1_corr,35481339,39810717,10.775971,-50.179082,5.693685e+08,4329379,0
feedback_a0.750_K0.5_c1_corr,39810718,44668359,10.128514,-53.334980,5.489829e+08,4857642,0
feedback_a0.750_K0.5_c1_corr,44668360,50118723,9.042539,-58.777680,5.707404e+08,5450364,0
feedback_a0.750_K0.5_c1_corr,50118724,56234132,10.568730,-68.920167,7.831783e+08,6115409,0
feedback_a0.750_K0.5_c1_corr,56234133,63095734,11.062041,-59.347194,6.659898e+08,6861602,0
feedback_a0.750_K0.5_c1_corr,63095735,70794578,11.474494,-72.956246,7.743503e+08,7698844,0
feedback_a0.750_K0.5_c1_corr,70794579,79432823,9.410660,-67.105473,1.319311e+09,8638245,0
feedback_a0.750_K0.5_c1_corr,79432824,89125093,11.946040,-71.450470,1.485892e+09,9692270,0
feedback_a0.750_K0.5_c1_corr,89125094,99999999,12.877242,-57.616743,1.027205e+09,10874906,0
feedback_a0.750_K0.5_c1_corr,100000000,112201845,12.712379,-80.965238,1.561400e+09,12201846,0
feedback_a0.750_K0.5_c1_corr,112201846,125892541,52.940448,-65.437057,2.648755e+09,13690696,0
feedback_a0.750_K0.5_c1_corr,125892542,141253754,12.785120,-76.280166,2.575624e+09,15361213,0
feedback_a0.750_K0.5_c1_corr,141253755,158489319,14.969771,-79.810091,2.629175e+09,17235565,0
feedback_a0.750_K0.5_c1_corr,158489320,177827941,13.947645,-98.102672,4.300342e+09,19338622,0
feedback_a0.750_K0.5_c1_corr,177827942,199526231,12.102981,-98.446618,4.981094e+09,21698290,0
feedback_a0.750_K0.5_c1_corr,199526232,223872113,14.695673,-110.639431,6.204325e+09,24345882,0
feedback_a0.750_K0.5_c1_corr,223872114,251188643,17.000972,-85.881236,4.473525e+09,27316530,0
feedback_a0.750_K0.5_c1_corr,251188644,281838293,14.123771,-81.306077,6.513072e+09,30649650,0
feedback_a0.750_K0.5_c1_corr,281838294,316227766,14.012832,-80.611241,8.118035e+09,34389473,0
feedback_a0.750_K0.5_c1_corr,316227767,354813389,18.087275,-130.815712,1.344452e+10,38585623,0
feedback_a0.750_K0.5_c1_corr,354813390,398107170,394.985288,-80.168488,5.552629e+11,43293781,0
feedback_a0.750_K0.5_c1_corr,398107171,446683592,15.671819,-78.932478,9.027480e+09,48576422,0
feedback_a0.750_K0.5_c1_corr,446683593,501187233,16.496943,-92.822631,1.397940e+10,54503641,0
feedback_a0.750_K0.5_c1_corr,501187234,562341325,21.931711,-129.288408,1.543150e+10,61154092,0
feedback_a0.750_K0.5_c1_corr,562341326,630957344,22.782760,-120.633774,1.676343e+10,68616019,0
feedback_a0.750_K0.5_c1_corr,630957345,707945784,293.355569,-102.600724,1.329192e+11,76988440,0
feedback_a0.750_K0.5_c1_corr,707945785,794328234,44.348950,-123.088944,3.377178e+10,86382450,0
feedback_a0.750_K0.5_c1_corr,794328235,891250938,680.268098,-145.660679,1.393491e+12,96922704,0
feedback_a0.750_K0.5_c1_corr,891250939,999999999,107.593660,-137.163980,3.373399e+10,108749061,0
feedback_a0.750_K0.5_c1_corr,1000000000,1122018454,25.279972,-106.829989,2.737820e+10,122018455,0
feedback_a0.750_K0.5_c1_corr,1122018455,1258925411,30.288421,-140.562203,4.340782e+10,136906957,0
feedback_a0.750_K0.5_c1_corr,1258925412,1412537544,292.866605,-412.583547,6.763326e+11,153612133,0
feedback_a0.750_K0.5_c1_corr,1412537545,1584893192,939.315777,-108.976377,1.430614e+13,172355648,0
feedback_a0.750_K0.5_c1_corr,1584893193,1778279410,31.861020,-152.645709,7.333194e+10,193386218,0
feedback_a0.750_K0.5_c1_corr,1778279411,1995262314,43.223321,-265.295384,2.009144e+11,216982904,0
feedback_a0.750_K0.5_c1_corr,1995262315,2238721138,47.217925,-119.262428,1.510296e+11,243458824,0
feedback_a0.750_K0.5_c1_corr,2238721139,2511886431,146.234078,-159.523242,1.798878e+11,273165293,0
feedback_a0.750_K0.5_c1_corr,2511886432,2818382931,244.852309,-657.021857,3.013042e+12,306496500,0
feedback_a0.750_K0.5_c1_corr,2818382932,3162277660,52.234830,-512.670883,1.336631e+12,343894729,0
feedback_a0.750_K0.5_c1_corr,3162277661,3548133892,84.437656,-487.955212,1.899725e+12,385856232,0
feedback_a0.750_K0.5_c1_corr,3548133893,3981071705,640.551390,-132.160555,1.148425e+13,432937813,0
feedback_a0.750_K0.5_c1_corr,3981071706,4466835921,339.684114,-897.528119,2.433945e+13,485764216,0
feedback_a0.750_K0.5_c1_corr,4466835922,5011872336,259.516749,-366.281453,2.012606e+12,545036415,0
feedback_a0.750_K0.5_c1_corr,5011872337,5623413251,142.954056,-171.739370,1.506821e+12,611540915,0
feedback_a0.750_K0.5_c1_corr,5623413252,6309573444,1146.022594,-258.974353,4.284344e+13,686160193,0
feedback_a0.750_K0.5_c1_corr,6309573445,7079457843,96.105464,-220.572513,2.525312e+12,769884399,0
feedback_a0.750_K0.5_c1_corr,7079457844,7943282347,674.504285,-337.057696,9.936575e+12,863824504,0
feedback_a0.750_K0.5_c1_corr,7943282348,8912509381,1642.043801,-90.985548,1.814677e+14,969227034,0
feedback_a0.750_K0.5_c1_corr,8912509382,9999999999,122.666214,-418.611491,9.700583e+12,1087490618,0
feedback_a0.750_K0.5_c1_corr,10000000000,10000000000,93.542220,93.384410,8.735391e+03,1,0
