# run=feedback_a0.750_K2_c1_corr alpha=0.7500 X=10000000000 Y=20000000000 K=2 c=1 nR(Y)=3183885 nR(X)=1955432 D(X)=3140.509 max|D|/p^(a/2)=0.826 forced=0 logrho_Y=-1.920164887130 tail=-0.000390327898 rho=0.146525586335
feedback_a0.750_K2_c1_corr,1,1,0.853474,0.706949,6.087302e-01,1,0
feedback_a0.750_K2_c1_corr,2,2,0.706949,0.560423,4.015580e-01,1,0
feedback_a0.750_K2_c1_corr,3,3,0.560423,0.413898,2.373253e-01,1,0
feedback_a0.750_K2_c1_corr,4,4,0.413898,0.267372,1.160321e-01,1,0
feedback_a0.750_K2_c1_corr,5,5,0.267372,0.120846,3.767841e-02,1,0
feedback_a0.750_K2_c1_corr,6,6,0.120846,-0.025679,2.264207e-03,1,0
feedback_a0.750_K2_c1_corr,7,7,-0.025679,-0.172205,9.789499e-03,1,0
feedback_a0.750_K2_c1_corr,8,8,-0.172205,-0.318730,6.025429e-02,1,0
feedback_a0.750_K2_c1_corr,9,9,-0.318730,-0.465256,1.536586e-01,1,0
feedback_a0.750_K2_c1_corr,10,11,0.388219,-0.611781,3.891995e-01,2,0
feedback_a0.750_K2_c1_corr,12,12,0.241693,0.095167,2.836872e-02,1,0
feedback_a0.750_K2_c1_corr,13,14,0.095167,-0.197884,1.601020e-02,2,0
feedback_a0.750_K2_c1_corr,15,15,-0.197884,-0.344409,7.352047e-02,1,0
feedback_a0.750_K2_c1_corr,16,17,0.509065,-0.490935,3.643736e-01,2,0
feedback_a0.750_K2_c1_corr,18,19,0.362539,0.069488,1.040588e-01,2,0
feedback_a0.750_K2_c1_corr,20,22,0.069488,-0.370088,1.107099e-01,3,0
feedback_a0.750_K2_c1_corr,23,25,-0.370088,-0.809665,1.086804e+00,3,0
feedback_a0.750_K2_c1_corr,26,28,-0.809665,-1.249242,3.222264e+00,3,0
feedback_a0.750_K2_c1_corr,29,31,0.457707,-0.542293,4.717961e-01,3,0
feedback_a0.750_K2_c1_corr,32,35,0.311181,-0.274921,1.086635e-01,4,0
feedback_a0.750_K2_c1_corr,36,39,0.578553,-0.421447,5.503083e-01,4,0
feedback_a0.750_K2_c1_corr,40,44,0.138977,-0.593651,4.731090e-01,5,0
feedback_a0.750_K2_c1_corr,45,50,0.113297,-0.886703,1.343053e+00,6,0
feedback_a0.750_K2_c1_corr,51,56,0.234144,-0.765856,8.991044e-01,6,0
feedback_a0.750_K2_c1_corr,57,63,0.354990,-0.645010,7.230461e-01,7,0
feedback_a0.750_K2_c1_corr,64,70,0.182786,-0.817214,1.269675e+00,7,0
feedback_a0.750_K2_c1_corr,71,79,0.596683,-0.575521,1.025978e+00,9,0
feedback_a0.750_K2_c1_corr,80,89,0.277953,-1.040777,2.610466e+00,10,0
feedback_a0.750_K2_c1_corr,90,99,-0.187303,-1.212982,4.637358e+00,10,0
feedback_a0.750_K2_c1_corr,100,112,0.321762,-0.799084,1.703294e+00,13,0
feedback_a0.750_K2_c1_corr,113,125,0.442609,-0.729596,1.327144e+00,13,0
feedback_a0.750_K2_c1_corr,126,141,0.391251,-1.074005,4.407488e+00,16,0
feedback_a0.750_K2_c1_corr,142,158,-0.004517,-1.832312,1.706222e+01,17,0
feedback_a0.750_K2_c1_corr,159,177,0.530227,-1.081554,4.932512e+00,19,0
feedback_a0.750_K2_c1_corr,178,199,0.599715,-1.228080,4.022674e+00,22,0
feedback_a0.750_K2_c1_corr,200,223,-0.305117,-2.675206,6.077636e+01,24,0
feedback_a0.750_K2_c1_corr,224,251,-0.019615,-2.261308,3.538334e+01,28,0
feedback_a0.750_K2_c1_corr,252,281,0.412413,-1.657076,2.360023e+01,30,0
feedback_a0.750_K2_c1_corr,282,316,0.654106,-1.983355,2.680071e+01,35,0
feedback_a0.750_K2_c1_corr,317,354,1.258338,-0.723532,9.474281e+00,38,0
feedback_a0.750_K2_c1_corr,355,398,0.466803,-1.170658,9.082904e+00,44,0
feedback_a0.750_K2_c1_corr,399,446,0.554421,-1.394221,1.429824e+01,48,0
feedback_a0.750_K2_c1_corr,447,501,0.762886,-1.357961,1.669713e+01,55,0
feedback_a0.750_K2_c1_corr,502,562,0.781016,-1.614752,2.852278e+01,61,0
feedback_a0.750_K2_c1_corr,563,630,0.593713,-1.373059,1.758386e+01,68,0
feedback_a0.750_K2_c1_corr,631,707,0.904894,-1.740115,4.824356e+01,77,0
feedback_a0.750_K2_c1_corr,708,794,0.494029,-2.524101,1.261387e+02,87,0
feedback_a0.750_K2_c1_corr,795,891,0.771982,-1.780892,3.137223e+01,97,0
feedback_a0.750_K2_c1_corr,892,999,0.723656,-1.726502,3.736863e+01,108,0
feedback_a0.750_K2_c1_corr,1000,1122,1.210074,-1.705340,4.294195e+01,123,0
feedback_a0.750_K2_c1_corr,1123,1258,0.678361,-1.581462,5.469089e+01,136,0
feedback_a0.750_K2_c1_corr,1259,1412,0.974445,-3.113174,2.602656e+02,154,0
feedback_a0.750_K2_c1_corr,1413,1584,1.306788,-3.505909,2.326066e+02,172,0
feedback_a0.750_K2_c1_corr,1585,1778,1.379308,-3.067818,2.329254e+02,194,0
feedback_a0.750_K2_c1_corr,1779,1995,0.832498,-2.255120,1.637540e+02,217,0
feedback_a0.750_K2_c1_corr,1996,2238,0.738877,-2.952973,2.519694e+02,243,0
feedback_a0.750_K2_c1_corr,2239,2511,0.763071,-2.173504,1.334377e+02,273,0
feedback_a0.750_K2_c1_corr,2512,2818,1.684549,-2.457459,2.428786e+02,307,0
feedback_a0.750_K2_c1_corr,2819,3162,1.228389,-3.019368,5.383981e+02,344,0
feedback_a0.750_K2_c1_corr,3163,3548,1.285811,-3.538952,9.046312e+02,386,0
feedback_a0.750_K2_c1_corr,3549,3981,2.612153,-2.895427,4.529253e+02,433,0
feedback_a0.750_K2_c1_corr,3982,4466,1.204319,-3.720129,1.235765e+03,485,0
feedback_a0.750_K2_c1_corr,4467,5011,1.113730,-4.517666,1.729807e+03,545,0
feedback_a0.750_K2_c1_corr,5012,5623,1.364519,-3.454180,9.818349e+02,612,0
feedback_a0.750_K2_c1_corr,5624,6309,1.261865,-4.973764,3.187214e+03,686,0
feedback_a0.750_K2_c1_corr,6310,7079,1.189468,-5.493348,2.881644e+03,770,0
feedback_a0.750_K2_c1_corr,7080,7943,1.370831,-6.176041,3.481390e+03,864,0
feedback_a0.750_K2_c1_corr,7944,8912,1.527999,-3.614009,1.535132e+03,969,0
feedback_a0.750_K2_c1_corr,8913,9999,1.636841,-4.079203,1.970768e+03,1087,0
feedback_a0.750_K2_c1_corr,10000,11220,2.093125,-4.338841,4.433551e+03,1221,0
feedback_a0.750_K2_c1_corr,11221,12589,1.576696,-4.214901,3.853581e+03,1369,0
feedback_a0.750_K2_c1_corr,12590,14125,2.229317,-3.858240,2.746527e+03,1536,0
feedback_a0.750_K2_c1_corr,14126,15848,1.434997,-3.377824,1.480048e+03,1723,0
feedback_a0.750_K2_c1_corr,15849,17782,2.072643,-5.483325,6.546451e+03,1934,0
feedback_a0.750_K2_c1_corr,17783,19952,1.631581,-8.174928,2.086903e+04,2170,0
feedback_a0.750_K2_c1_corr,19953,22387,2.426458,-4.691357,3.414547e+03,2435,0
feedback_a0.750_K2_c1_corr,22388,25118,2.390445,-6.343730,1.072127e+04,2731,0
feedback_a0.750_K2_c1_corr,25119,28183,2.414763,-7.301035,1.336720e+04,3065,0
feedback_a0.750_K2_c1_corr,28184,31622,1.847347,-4.929214,9.988099e+03,3439,0
feedback_a0.750_K2_c1_corr,31623,35481,2.623846,-6.599531,1.041019e+04,3859,0
feedback_a0.750_K2_c1_corr,35482,39810,2.095722,-7.777367,2.385156e+04,4329,0
feedback_a0.750_K2_c1_corr,39811,44668,1.932737,-10.018503,5.411325e+04,4858,0
feedback_a0.750_K2_c1_corr,44669,50118,2.275043,-8.417056,4.489410e+04,5450,0
feedback_a0.750_K2_c1_corr,50119,56234,2.574220,-10.205064,4.108988e+04,6116,0
feedback_a0.750_K2_c1_corr,56235,63095,2.756139,-8.131740,3.248821e+04,6861,0
feedback_a0.750_K2_c1_corr,63096,70794,2.702552,-7.484998,4.040170e+04,7699,0
feedback_a0.750_K2_c1_corr,70795,79432,2.521932,-7.613456,3.410592e+04,8638,0
feedback_a0.750_K2_c1_corr,79433,89125,2.338713,-9.881447,8.794671e+04,9693,0
feedback_a0.750_K2_c1_corr,89126,99999,3.025365,-14.418296,1.887921e+05,10874,0
feedback_a0.750_K2_c1_corr,100000,112201,2.893937,-9.447873,7.294743e+04,12202,0
feedback_a0.750_K2_c1_corr,112202,125892,3.486474,-9.724589,1.063704e+05,13691,0
feedback_a0.750_K2_c1_corr,125893,141253,3.255671,-7.347943,6.550097e+04,15361,0
feedback_a0.750_K2_c1_corr,141254,158489,2.867761,-12.613026,1.850912e+05,17236,0
feedback_a0.750_K2_c1_corr,158490,177827,3.298427,-9.723107,1.736755e+05,19338,0
feedback_a0.750_K2_c1_corr,177828,199526,3.332582,-9.823225,1.345652e+05,21699,0
feedback_a0.750_K2_c1_corr,199527,223872,3.523039,-10.579801,1.368671e+05,24346,0
feedback_a0.750_K2_c1_corr,223873,251188,3.398046,-12.180508,2.725777e+05,27316,0
feedback_a0.750_K2_c1_corr,251189,281838,3.211360,-10.099079,2.910001e+05,30650,0
feedback_a0.750_K2_c1_corr,281839,316227,3.514310,-14.076185,4.447045e+05,34389,0
feedback_a0.750_K2_c1_corr,316228,354813,3.617520,-10.147532,2.134568e+05,38586,0
feedback_a0.750_K2_c1_corr,354814,398107,3.669990,-23.964685,1.720132e+06,43294,0
feedback_a0.750_K2_c1_corr,398108,446683,3.704515,-14.375801,5.580278e+05,48576,0
feedback_a0.750_K2_c1_corr,446684,501187,3.956478,-14.910299,9.711350e+05,54504,0
feedback_a0.750_K2_c1_corr,501188,562341,3.909263,-15.814332,9.327062e+05,61154,0
feedback_a0.750_K2_c1_corr,562342,630957,4.752092,-11.873119,5.408063e+05,68616,0
feedback_a0.750_K2_c1_corr,630958,707945,4.454087,-25.923611,3.577024e+06,76988,0
feedback_a0.750_K2_c1_corr,707946,794328,4.757095,-20.444932,1.640303e+06,86383,0
feedback_a0.750_K2_c1_corr,794329,891250,3.839266,-15.202874,1.857217e+06,96922,0
feedback_a0.750_K2_c1_corr,891251,999999,4.499551,-15.468703,1.673927e+06,108749,0
feedback_a0.750_K2_c1_corr,1000000,1122018,5.561734,-15.293038,1.622268e+06,122019,0
feedback_a0.750_K2_c1_corr,1122019,1258925,5.472998,-22.329120,4.409917e+06,136907,0
feedback_a0.750_K2_c1_corr,1258926,1412537,5.893446,-22.622796,3.675143e+06,153612,0
feedback_a0.750_K2_c1_corr,1412538,1584893,5.029571,-25.230560,4.883218e+06,172356,0
feedback_a0.750_K2_c1_corr,1584894,1778279,5.632434,-27.115414,7.270727e+06,193386,0
feedback_a0.750_K2_c1_corr,1778280,1995262,5.714715,-21.693919,4.490546e+06,216983,0
feedback_a0.750_K2_c1_corr,1995263,2238721,5.551101,-20.806613,5.159658e+06,243459,0
feedback_a0.750_K2_c1_corr,2238722,2511886,6.012209,-32.021212,8.681461e+06,273165,0
feedback_a0.750_K2_c1_corr,2511887,2818382,6.262301,-23.361485,6.747380e+06,306496,0
feedback_a0.750_K2_c1_corr,2818383,3162277,6.085007,-20.484015,7.411597e+06,343895,0
feedback_a0.750_K2_c1_corr,3162278,3548133,6.573942,-25.477856,1.102722e+07,385856,0
feedback_a0.750_K2_c1_corr,3548134,3981071,5.848103,-37.866839,2.856344e+07,432938,0
feedback_a0.750_K2_c1_corr,3981072,4466835,6.923009,-25.725954,1.561049e+07,485764,0
feedback_a0.750_K2_c1_corr,4466836,5011872,7.204843,-35.265990,2.319137e+07,545037,0
feedback_a0.750_K2_c1_corr,5011873,5623413,7.063168,-28.725464,1.915213e+07,611541,0
feedback_a0.750_K2_c1_corr,5623414,6309573,6.333045,-27.493185,3.042072e+07,686160,0
feedback_a0.750_K2_c1_corr,6309574,7079457,7.526620,-30.216330,3.219791e+07,769884,0
feedback_a0.750_K2_c1_corr,7079458,7943282,7.440762,-29.206461,3.096007e+07,863825,0
feedback_a0.750_K2_c1_corr,7943283,8912509,7.987599,-26.259087,3.394553e+07,969227,0
feedback_a0.750_K2_c1_corr,8912510,9999999,7.213716,-35.446806,7.214495e+07,1087490,0
feedback_a0.750_K2_c1_corr,10000000,11220184,8.480213,-40.250090,8.263917e+07,1220185,0
feedback_a0.750_K2_c1_corr,11220185,12589254,9.243422,-35.162518,6.939502e+07,1369070,0
feedback_a0.750_K2_c1_corr,12589255,14125375,8.664540,-54.374589,1.557156e+08,1536121,0
feedback_a0.750_K2_c1_corr,14125376,15848931,8.861459,-47.942865,1.235554e+08,1723556,0
feedback_a0.750_K2_c1_corr,15848932,17782794,9.388017,-35.646499,7.779454e+07,1933863,0
feedback_a0.750_K2_c1_corr,17782795,19952623,9.099009,-49.380034,1.377731e+08,2169829,0
feedback_a0.750_K2_c1_corr,19952624,22387211,9.497394,-43.415547,1.340947e+08,2434588,0
feedback_a0.750_K2_c1_corr,22387212,25118864,11.132366,-35.544915,1.615134e+08,2731653,0
feedback_a0.750_K2_c1_corr,25118865,28183829,11.391643,-40.910094,1.877732e+08,3064965,0
feedback_a0.750_K2_c1_corr,28183830,31622776,11.448886,-33.203436,1.697847e+08,3438947,0
feedback_a0.750_K2_c1_corr,31622777,35481338,11.453608,-69.824152,4.033417e+08,3858562,0
feedback_a0.750_K2_c1_corr,35481339,39810717,13.265232,-37.636726,2.068730e+08,4329379,0
feedback_a0.750_K2_c1_corr,39810718,44668359,13.596769,-60.430872,4.795282e+08,4857642,0
feedback_a0.750_K2_c1_corr,44668360,50118723,12.855950,-53.912806,5.414918e+08,5450364,0
feedback_a0.750_K2_c1_corr,50118724,56234132,13.242530,-56.594693,5.024253e+08,6115409,0
feedback_a0.750_K2_c1_corr,56234133,63095734,14.372129,-80.119747,8.283270e+08,6861602,0
feedback_a0.750_K2_c1_corr,63095735,70794578,18.031897,-34.658422,4.441121e+08,7698844,0
feedback_a0.750_K2_c1_corr,70794579,79432823,15.075865,-52.208097,7.854257e+08,8638245,0
feedback_a0.750_K2_c1_corr,79432824,89125093,14.917288,-70.700775,1.187598e+09,9692270,0
feedback_a0.750_K2_c1_corr,89125094,99999999,16.840663,-58.204585,1.159766e+09,10874906,0
feedback_a0.750_K2_c1_corr,100000000,112201845,18.873773,-60.958794,1.364536e+09,12201846,0
feedback_a0.750_K2_c1_corr,112201846,125892541,19.788707,-62.061052,1.781733e+09,13690696,0
feedback_a0.750_K2_c1_corr,125892542,141253754,19.725098,-57.006177,1.621652e+09,15361213,0
feedback_a0.750_K2_c1_corr,141253755,158489319,19.193666,-58.388180,1.818245e+09,17235565,0
feedback_a0.750_K2_c1_corr,158489320,177827941,23.231844,-61.397530,2.637898e+09,19338622,0
feedback_a0.750_K2_c1_corr,177827942,199526231,23.929010,-48.197666,2.671630e+09,21698290,0
feedback_a0.750_K2_c1_corr,199526232,223872113,24.652705,-56.913042,3.412010e+09,24345882,0
feedback_a0.750_K2_c1_corr,223872114,251188643,26.131147,-105.929618,6.143360e+09,27316530,0
feedback_a0.750_K2_c1_corr,251188644,281838293,26.775953,-55.900831,5.682973e+09,30649650,0
feedback_a0.750_K2_c1_corr,281838294,316227766,28.845130,-89.697573,7.834288e+09,34389473,0
feedback_a0.750_K2_c1_corr,316227767,354813389,31.232699,-64.379421,1.028705e+10,38585623,0
feedback_a0.750_K2_c1_corr,354813390,398107170,36.551677,-51.194881,1.465986e+10,43293781,0
feedback_a0.750_K2_c1_corr,398107171,446683592,36.352999,-70.655464,1.894388e+10,48576422,0
feedback_a0.750_K2_c1_corr,446683593,501187233,36.424610,-72.645366,2.125782e+10,54503641,0
feedback_a0.750_K2_c1_corr,501187234,562341325,43.435833,-72.599866,3.176439e+10,61154092,0
feedback_a0.750_K2_c1_corr,562341326,630957344,49.300285,-83.789562,5.791445e+10,68616019,0
feedback_a0.750_K2_c1_corr,630957345,707945784,49.327441,-71.107096,6.471895e+10,76988440,0
feedback_a0.750_K2_c1_corr,707945785,794328234,50.686855,-100.483301,7.852491e+10,86382450,0
feedback_a0.750_K2_c1_corr,794328235,891250938,56.597492,-55.593559,1.135490e+11,96922704,0
feedback_a0.750_K2_c1_corr,891250939,999999999,68.929259,-102.162930,2.048990e+11,108749061,0
feedback_a0.750_K2_c1_corr,1000000000,1122018454,71.228089,-39.190187,2.817986e+11,122018455,0
feedback_a0.750_K2_c1_corr,1122018455,1258925411,73.117756,-70.023846,2.917202e+11,136906957,0
feedback_a0.750_K2_c1_corr,1258925412,1412537544,82.462606,-76.000931,4.661576e+11,153612133,0
feedback_a0.750_K2_c1_corr,1412537545,1584893192,93.843832,-27.036642,7.659449e+11,172355648,0
feedback_a0.750_K2_c1_corr,1584893193,1778279410,100.750703,-51.441957,1.033603e+12,193386218,0
feedback_a0.750_K2_c1_corr,1778279411,1995262314,105.985421,-77.542425,1.308001e+12,216982904,0
feedback_a0.750_K2_c1_corr,1995262315,2238721138,120.321029,-69.736412,1.837126e+12,243458824,0
feedback_a0.750_K2_c1_corr,2238721139,2511886431,139.312676,-30.364596,2.906339e+12,273165293,0
feedback_a0.750_K2_c1_corr,2511886432,2818382931,147.620938,-50.310407,4.128904e+12,306496500,0
feedback_a0.750_K2_c1_corr,2818382932,3162277660,157.657428,-36.420223,5.309364e+12,343894729,0
feedback_a0.750_K2_c1_corr,3162277661,3548133892,186.011905,10.446205,8.142106e+12,385856232,0
feedback_a0.750_K2_c1_corr,3548133893,3981071705,195.183011,-1.666218,1.144669e+13,432937813,0
feedback_a0.750_K2_c1_corr,3981071706,4466835921,217.490867,21.161616,1.551496e+13,485764216,0
feedback_a0.750_K2_c1_corr,4466835922,5011872336,242.665303,-1.712311,2.240596e+13,545036415,0
feedback_a0.750_K2_c1_corr,5011872337,5623413251,277.846116,60.219720,3.254789e+13,611540915,0
feedback_a0.750_K2_c1_corr,5623413252,6309573444,302.610354,95.658858,4.664587e+13,686160193,0
feedback_a0.750_K2_c1_corr,6309573445,7079457843,330.621363,82.169167,6.103357e+13,769884399,0
feedback_a0.750_K2_c1_corr,7079457844,7943282347,385.408640,89.781347,8.839978e+13,863824504,0
feedback_a0.750_K2_c1_corr,7943282348,8912509381,427.317442,131.432304,1.345038e+14,969227034,0
feedback_a0.750_K2_c1_corr,8912509382,9999999999,462.875258,84.517560,1.869741e+14,1087490618,0
feedback_a0.750_K2_c1_corr,10000000000,10000000000,437.654864,437.508338,1.914777e+05,1,0
