# run=planted_a0.60_s0.45_g5_A1_1e+09 X=1000000000 rho=0.279057842123448363 nR_le_X=22191 Y=4000000000 max|pi_R-F|=1.000 tail=1.474e-05
planted_a0.60_s0.45_g5_A1_1e+09,1,1,0.720942,0.441884,3.380414e-01,1,0
planted_a0.60_s0.45_g5_A1_1e+09,2,2,0.441884,0.162826,9.141878e-02,1,0
planted_a0.60_s0.45_g5_A1_1e+09,3,3,1.162826,0.883769,1.047138e+00,1,0
planted_a0.60_s0.45_g5_A1_1e+09,4,4,0.883769,0.604711,5.538927e-01,1,0
planted_a0.60_s0.45_g5_A1_1e+09,5,5,0.604711,0.325653,2.163942e-01,1,0
planted_a0.60_s0.45_g5_A1_1e+09,6,6,0.325653,0.046595,3.464215e-02,1,0
planted_a0.60_s0.45_g5_A1_1e+09,7,7,0.046595,-0.232463,8.636694e-03,1,0
planted_a0.60_s0.45_g5_A1_1e+09,8,8,-0.232463,-0.511521,1.383778e-01,1,0
planted_a0.60_s0.45_g5_A1_1e+09,9,9,0.488479,0.209422,1.217665e-01,1,0
planted_a0.60_s0.45_g5_A1_1e+09,10,11,0.930364,-0.069636,6.303047e-01,2,0
planted_a0.60_s0.45_g5_A1_1e+09,12,12,0.651306,0.372248,2.619157e-01,1,0
planted_a0.60_s0.45_g5_A1_1e+09,13,14,1.372248,0.814132,2.429066e+00,2,0
planted_a0.60_s0.45_g5_A1_1e+09,15,15,0.814132,0.535075,4.550898e-01,1,0
planted_a0.60_s0.45_g5_A1_1e+09,16,17,0.535075,-0.023041,1.700257e-01,2,0
planted_a0.60_s0.45_g5_A1_1e+09,18,19,0.697901,-0.302099,3.382084e-01,2,0
planted_a0.60_s0.45_g5_A1_1e+09,20,22,0.418843,-0.418330,1.557468e-01,3,0
planted_a0.60_s0.45_g5_A1_1e+09,23,25,-0.418330,-1.255504,2.257037e+00,3,0
planted_a0.60_s0.45_g5_A1_1e+09,26,28,-0.534562,-1.534562,3.309007e+00,3,0
planted_a0.60_s0.45_g5_A1_1e+09,29,31,0.349207,-0.650793,3.592757e-01,3,0
planted_a0.60_s0.45_g5_A1_1e+09,32,35,0.791091,-0.208909,5.768388e-01,4,0
planted_a0.60_s0.45_g5_A1_1e+09,36,39,1.116744,-0.325140,1.341656e+00,4,0
planted_a0.60_s0.45_g5_A1_1e+09,40,44,2.000513,0.558628,9.766713e+00,5,0
planted_a0.60_s0.45_g5_A1_1e+09,45,50,1.884281,0.768050,1.016988e+01,6,0
planted_a0.60_s0.45_g5_A1_1e+09,51,56,1.209934,0.093703,2.606000e+00,6,0
planted_a0.60_s0.45_g5_A1_1e+09,57,63,1.093703,-0.022528,2.629585e+00,7,0
planted_a0.60_s0.45_g5_A1_1e+09,64,70,0.303125,-0.813107,1.037529e+00,7,0
planted_a0.60_s0.45_g5_A1_1e+09,71,79,-0.371222,-2.045570,1.395315e+01,9,0
planted_a0.60_s0.45_g5_A1_1e+09,80,89,-0.603685,-2.278032,2.180292e+01,10,0
planted_a0.60_s0.45_g5_A1_1e+09,90,99,-0.626726,-2.068611,2.098756e+01,10,0
planted_a0.60_s0.45_g5_A1_1e+09,100,112,0.024580,-1.859189,1.252994e+01,13,0
planted_a0.60_s0.45_g5_A1_1e+09,113,125,0.675885,-0.765999,1.382546e+00,13,0
planted_a0.60_s0.45_g5_A1_1e+09,126,141,1.652844,-0.440346,9.522914e+00,16,0
planted_a0.60_s0.45_g5_A1_1e+09,142,158,2.094729,0.187919,2.437768e+01,17,0
planted_a0.60_s0.45_g5_A1_1e+09,159,177,2.722993,0.397340,4.581587e+01,19,0
planted_a0.60_s0.45_g5_A1_1e+09,178,199,2.932415,0.025605,5.225521e+01,22,0
planted_a0.60_s0.45_g5_A1_1e+09,200,223,1.909374,-1.229899,1.536073e+01,24,0
planted_a0.60_s0.45_g5_A1_1e+09,224,251,0.188944,-2.136709,2.404747e+01,28,0
planted_a0.60_s0.45_g5_A1_1e+09,252,281,-0.322576,-2.299022,4.647646e+01,30,0
planted_a0.60_s0.45_g5_A1_1e+09,282,316,0.026631,-3.786989,2.197164e+02,35,0
planted_a0.60_s0.45_g5_A1_1e+09,317,354,-1.507418,-3.833071,2.771634e+02,38,0
planted_a0.60_s0.45_g5_A1_1e+09,355,398,-0.553501,-3.181765,1.331822e+02,44,0
planted_a0.60_s0.45_g5_A1_1e+09,399,446,1.167954,-1.902195,2.363032e+01,48,0
planted_a0.60_s0.45_g5_A1_1e+09,447,501,2.773178,-0.296971,8.973529e+01,55,0
planted_a0.60_s0.45_g5_A1_1e+09,502,562,3.052749,0.029707,1.215156e+02,61,0
planted_a0.60_s0.45_g5_A1_1e+09,563,630,4.263196,-0.016375,3.679279e+02,68,0
planted_a0.60_s0.45_g5_A1_1e+09,631,707,3.356386,-0.619547,2.145447e+02,77,0
planted_a0.60_s0.45_g5_A1_1e+09,708,794,1.660023,-1.618522,3.828149e+01,87,0
planted_a0.60_s0.45_g5_A1_1e+09,795,891,0.754239,-2.757794,1.654852e+02,97,0
planted_a0.60_s0.45_g5_A1_1e+09,892,999,-0.198653,-5.267776,1.244842e+03,108,0
planted_a0.60_s0.45_g5_A1_1e+09,1000,1122,-2.033263,-6.011247,2.226368e+03,123,0
planted_a0.60_s0.45_g5_A1_1e+09,1123,1258,-2.706584,-7.079345,2.855437e+03,136,0
planted_a0.60_s0.45_g5_A1_1e+09,1259,1412,0.015896,-4.239607,8.404267e+02,154,0
planted_a0.60_s0.45_g5_A1_1e+09,1413,1584,3.042014,-3.424962,3.471088e+02,172,0
planted_a0.60_s0.45_g5_A1_1e+09,1585,1778,2.717387,-0.655374,3.353841e+02,194,0
planted_a0.60_s0.45_g5_A1_1e+09,1779,1995,5.626248,1.997983,3.036554e+03,217,0
planted_a0.60_s0.45_g5_A1_1e+09,1996,2238,6.884829,1.467011,4.741215e+03,243,0
planted_a0.60_s0.45_g5_A1_1e+09,2239,2511,6.539211,0.936039,4.332759e+03,273,0
planted_a0.60_s0.45_g5_A1_1e+09,2512,2818,4.937064,-1.734206,9.865458e+02,307,0
planted_a0.60_s0.45_g5_A1_1e+09,2819,3162,1.895084,-5.219096,1.591503e+03,344,0
planted_a0.60_s0.45_g5_A1_1e+09,3163,3548,-2.099788,-7.889341,9.799266e+03,386,0
planted_a0.60_s0.45_g5_A1_1e+09,3549,3981,-3.724976,-8.305107,1.628950e+04,433,0
planted_a0.60_s0.45_g5_A1_1e+09,3982,4466,-3.948208,-10.295877,2.066436e+04,485,0
planted_a0.60_s0.45_g5_A1_1e+09,4467,5011,-0.358847,-9.341959,1.055272e+04,545,0
planted_a0.60_s0.45_g5_A1_1e+09,5012,5623,3.413818,-3.986086,1.307259e+03,612,0
planted_a0.60_s0.45_g5_A1_1e+09,5624,6309,7.538254,-0.816593,1.008253e+04,686,0
planted_a0.60_s0.45_g5_A1_1e+09,6310,7079,11.130692,1.332935,3.076739e+04,770,0
planted_a0.60_s0.45_g5_A1_1e+09,7080,7943,12.113805,2.674997,4.408913e+04,864,0
planted_a0.60_s0.45_g5_A1_1e+09,7944,8912,9.677048,2.913613,4.322019e+04,969,0
planted_a0.60_s0.45_g5_A1_1e+09,8913,9999,7.385718,-1.191337,6.512662e+03,1087,0
planted_a0.60_s0.45_g5_A1_1e+09,10000,11220,2.142521,-9.891254,3.314465e+04,1221,0
planted_a0.60_s0.45_g5_A1_1e+09,11221,12589,-4.955250,-13.883050,1.249858e+05,1369,0
planted_a0.60_s0.45_g5_A1_1e+09,12590,14125,-7.170278,-15.174380,1.893394e+05,1536,0
planted_a0.60_s0.45_g5_A1_1e+09,14126,15848,-8.440071,-17.642861,2.830348e+05,1723,0
planted_a0.60_s0.45_g5_A1_1e+09,15849,17782,-0.113871,-12.763673,1.267974e+05,1934,0
planted_a0.60_s0.45_g5_A1_1e+09,17783,19952,5.511864,-7.275159,1.308176e+04,2170,0
planted_a0.60_s0.45_g5_A1_1e+09,19953,22387,12.708022,-1.783569,9.109527e+04,2435,0
planted_a0.60_s0.45_g5_A1_1e+09,22388,25118,18.921067,4.815570,4.323126e+05,2731,0
planted_a0.60_s0.45_g5_A1_1e+09,25119,28183,19.292324,8.652299,6.284124e+05,3065,0
planted_a0.60_s0.45_g5_A1_1e+09,28184,31622,17.003592,3.575040,4.543147e+05,3439,0
planted_a0.60_s0.45_g5_A1_1e+09,31623,35481,12.262719,-7.509877,9.921377e+04,3859,0
planted_a0.60_s0.45_g5_A1_1e+09,35482,39810,1.806067,-13.969606,2.427710e+05,4329,0
planted_a0.60_s0.45_g5_A1_1e+09,39811,44668,-7.961401,-21.943419,1.132750e+06,4858,0
planted_a0.60_s0.45_g5_A1_1e+09,44669,50118,-11.900892,-28.269482,2.329631e+06,5450,0
planted_a0.60_s0.45_g5_A1_1e+09,50119,56234,-9.659540,-27.447658,2.221119e+06,6116,0
planted_a0.60_s0.45_g5_A1_1e+09,56235,63095,-2.407045,-19.334366,7.917973e+05,6861,0
planted_a0.60_s0.45_g5_A1_1e+09,63096,70794,8.667344,-9.063888,1.241366e+05,7699,0
planted_a0.60_s0.45_g5_A1_1e+09,70795,79432,23.036209,0.473853,1.912917e+06,8638,0
planted_a0.60_s0.45_g5_A1_1e+09,79433,89125,31.419363,16.319882,5.843237e+06,9693,0
planted_a0.60_s0.45_g5_A1_1e+09,89126,99999,30.624272,16.748161,6.140538e+06,10874,0
planted_a0.60_s0.45_g5_A1_1e+09,100000,112201,30.143143,10.128444,5.188444e+06,12202,0
planted_a0.60_s0.45_g5_A1_1e+09,112202,125892,15.456217,-7.769955,6.107372e+05,13691,0
planted_a0.60_s0.45_g5_A1_1e+09,125893,141253,1.644307,-26.422559,3.525727e+06,15361,0
planted_a0.60_s0.45_g5_A1_1e+09,141254,158489,-16.789098,-38.762705,1.330170e+07,17236,0
planted_a0.60_s0.45_g5_A1_1e+09,158490,177827,-29.025251,-47.598613,2.757120e+07,19338,0
planted_a0.60_s0.45_g5_A1_1e+09,177828,199526,-21.963851,-39.483748,2.143328e+07,21699,0
planted_a0.60_s0.45_g5_A1_1e+09,199527,223872,-1.551228,-32.224755,8.747362e+06,24346,0
planted_a0.60_s0.45_g5_A1_1e+09,223873,251188,22.025350,-14.030853,2.330364e+06,27316,0
planted_a0.60_s0.45_g5_A1_1e+09,251189,281838,44.801026,11.323928,2.633235e+07,30650,0
planted_a0.60_s0.45_g5_A1_1e+09,281839,316227,51.814566,31.101245,5.604724e+07,34389,0
planted_a0.60_s0.45_g5_A1_1e+09,316228,354813,57.776895,35.440645,8.294877e+07,38586,0
planted_a0.60_s0.45_g5_A1_1e+09,354814,398107,46.597148,17.178445,4.781099e+07,43294,0
planted_a0.60_s0.45_g5_A1_1e+09,398108,446683,31.418702,-16.669152,6.100076e+06,48576,0
planted_a0.60_s0.45_g5_A1_1e+09,446684,501187,-0.710788,-42.120740,3.629272e+07,54504,0
planted_a0.60_s0.45_g5_A1_1e+09,501188,562341,-33.214409,-63.738404,1.585244e+08,61154,0
planted_a0.60_s0.45_g5_A1_1e+09,562342,630957,-49.968062,-76.785919,2.711560e+08,68616,0
planted_a0.60_s0.45_g5_A1_1e+09,630958,707945,-37.126059,-72.656078,2.291817e+08,76988,0
planted_a0.60_s0.45_g5_A1_1e+09,707946,794328,-5.080858,-50.985896,8.153283e+07,86383,0
planted_a0.60_s0.45_g5_A1_1e+09,794329,891250,37.349410,-15.665501,3.073905e+07,96922,0
planted_a0.60_s0.45_g5_A1_1e+09,891251,999999,81.023492,26.494495,3.051704e+08,108749,0
planted_a0.60_s0.45_g5_A1_1e+09,1000000,1122018,91.878759,55.022468,6.732074e+08,122019,0
planted_a0.60_s0.45_g5_A1_1e+09,1122019,1258925,96.632423,58.162305,8.807042e+08,136907,0
planted_a0.60_s0.45_g5_A1_1e+09,1258926,1412537,77.263018,19.535283,4.314426e+08,153612,0
planted_a0.60_s0.45_g5_A1_1e+09,1412538,1584893,31.078018,-29.952192,3.989402e+07,172356,0
planted_a0.60_s0.45_g5_A1_1e+09,1584894,1778279,-14.888810,-82.867946,5.188216e+08,193386,0
planted_a0.60_s0.45_g5_A1_1e+09,1778280,1995262,-59.916965,-117.044325,1.906190e+09,216983,0
planted_a0.60_s0.45_g5_A1_1e+09,1995263,2238721,-86.612473,-126.005695,2.899363e+09,243459,0
planted_a0.60_s0.45_g5_A1_1e+09,2238722,2511886,-56.376298,-122.627852,2.415873e+09,273165,0
planted_a0.60_s0.45_g5_A1_1e+09,2511887,2818382,6.065814,-80.311753,7.244345e+08,306496,0
planted_a0.60_s0.45_g5_A1_1e+09,2818383,3162277,79.858880,-12.980266,4.328659e+08,343895,0
planted_a0.60_s0.45_g5_A1_1e+09,3162278,3548133,133.382837,59.108990,3.665039e+09,385856,0
planted_a0.60_s0.45_g5_A1_1e+09,3548134,3981071,168.959234,108.696323,8.279438e+09,432938,0
planted_a0.60_s0.45_g5_A1_1e+09,3981072,4466835,163.519693,110.845226,9.204171e+09,485764,0
planted_a0.60_s0.45_g5_A1_1e+09,4466836,5011872,138.222716,40.691783,4.268743e+09,545037,0
planted_a0.60_s0.45_g5_A1_1e+09,5011873,5623413,71.326275,-65.418864,5.486979e+08,611541,0
planted_a0.60_s0.45_g5_A1_1e+09,5623414,6309573,-35.215250,-137.901038,6.313493e+09,686160,0
planted_a0.60_s0.45_g5_A1_1e+09,6309574,7079457,-118.379361,-203.140350,2.118134e+10,769884,0
planted_a0.60_s0.45_g5_A1_1e+09,7079458,7943282,-169.495876,-213.411584,3.113027e+10,863825,0
planted_a0.60_s0.45_g5_A1_1e+09,7943283,8912509,-103.307999,-195.609855,2.375776e+10,969227,0
planted_a0.60_s0.45_g5_A1_1e+09,8912510,9999999,4.821651,-130.877593,5.623453e+09,1087490,0
planted_a0.60_s0.45_g5_A1_1e+09,10000000,11220184,131.967442,-18.599923,5.892984e+09,1220185,0
planted_a0.60_s0.45_g5_A1_1e+09,11220185,12589254,235.952231,111.288040,4.610316e+10,1369070,0
planted_a0.60_s0.45_g5_A1_1e+09,12589255,14125375,283.252929,200.133428,9.191097e+10,1536121,0
planted_a0.60_s0.45_g5_A1_1e+09,14125376,15848931,273.304127,184.863184,9.580281e+10,1723556,0
planted_a0.60_s0.45_g5_A1_1e+09,15848932,17782794,206.435390,67.745581,4.295261e+10,1933863,0
planted_a0.60_s0.45_g5_A1_1e+09,17782795,19952623,98.158428,-107.831510,6.682246e+09,2169829,0
planted_a0.60_s0.45_g5_A1_1e+09,19952624,22387211,-70.007070,-272.051540,7.891080e+10,2434588,0
planted_a0.60_s0.45_g5_A1_1e+09,22387212,25118864,-246.564801,-349.491237,2.432268e+11,2731653,0
planted_a0.60_s0.45_g5_A1_1e+09,25118865,28183829,-294.874574,-376.210690,3.562591e+11,3064965,0
planted_a0.60_s0.45_g5_A1_1e+09,28183830,31622776,-178.759247,-336.610298,2.461964e+11,3438947,0
planted_a0.60_s0.45_g5_A1_1e+09,31622777,35481338,19.205474,-219.185668,4.711524e+10,3858562,0
planted_a0.60_s0.45_g5_A1_1e+09,35481339,39810717,256.785464,-38.138615,8.697026e+10,4329379,0
planted_a0.60_s0.45_g5_A1_1e+09,39810718,44668359,412.682467,234.503650,5.331496e+11,4857642,0
planted_a0.60_s0.45_g5_A1_1e+09,44668360,50118723,489.601358,372.753176,1.045699e+12,5450364,0
planted_a0.60_s0.45_g5_A1_1e+09,50118724,56234132,466.853771,329.582350,1.030410e+12,6115409,0
planted_a0.60_s0.45_g5_A1_1e+09,56234133,63095734,378.375817,91.087087,4.147859e+11,6861602,0
planted_a0.60_s0.45_g5_A1_1e+09,63095735,70794578,129.901648,-197.257791,7.051966e+10,7698844,0
planted_a0.60_s0.45_g5_A1_1e+09,70794579,79432823,-174.670678,-457.467956,9.465134e+11,8638245,0
planted_a0.60_s0.45_g5_A1_1e+09,79432824,89125093,-414.838978,-638.899678,2.825443e+12,9692270,0
planted_a0.60_s0.45_g5_A1_1e+09,89125094,99999999,-519.205552,-659.358348,3.769069e+12,10874906,0
planted_a0.60_s0.45_g5_A1_1e+09,100000000,112201845,-259.844810,-564.394992,2.427199e+12,12201846,0
planted_a0.60_s0.45_g5_A1_1e+09,112201846,125892541,60.369223,-307.769130,3.754304e+11,13690696,0
planted_a0.60_s0.45_g5_A1_1e+09,125892542,141253754,475.885284,29.832852,1.247715e+12,15361213,0
planted_a0.60_s0.45_g5_A1_1e+09,141253755,158489319,760.297751,428.524507,6.395154e+12,17235565,0
planted_a0.60_s0.45_g5_A1_1e+09,158489320,177827941,839.062699,695.651575,1.155709e+13,19338622,0
planted_a0.60_s0.45_g5_A1_1e+09,177827942,199526231,834.651552,543.118777,1.092089e+13,21698290,0
planted_a0.60_s0.45_g5_A1_1e+09,199526232,223872113,596.087940,126.894993,3.914120e+12,24345882,0
planted_a0.60_s0.45_g5_A1_1e+09,223872114,251188643,188.595334,-388.981717,9.095097e+11,27316530,0
planted_a0.60_s0.45_g5_A1_1e+09,251188644,281838293,-335.242329,-871.378061,1.216783e+13,30649650,0
planted_a0.60_s0.45_g5_A1_1e+09,281838294,316227766,-811.531004,-1095.553790,3.226815e+13,34389473,0
planted_a0.60_s0.45_g5_A1_1e+09,316227767,354813389,-895.578885,-1128.978047,4.075621e+13,38585623,0
planted_a0.60_s0.45_g5_A1_1e+09,354813390,398107170,-491.601779,-979.000005,2.484745e+13,43293781,0
planted_a0.60_s0.45_g5_A1_1e+09,398107171,446683592,178.189946,-554.505529,3.384811e+12,48576422,0
planted_a0.60_s0.45_g5_A1_1e+09,446683593,501187233,896.677486,117.921780,1.682751e+13,54503641,0
planted_a0.60_s0.45_g5_A1_1e+09,501187234,562341325,1324.527980,815.692525,7.497703e+13,61154092,0
planted_a0.60_s0.45_g5_A1_1e+09,562341326,630957344,1461.947760,1238.420750,1.303557e+14,68616019,0
planted_a0.60_s0.45_g5_A1_1e+09,630957345,707945784,1406.626868,964.899152,1.136789e+14,76988440,0
planted_a0.60_s0.45_g5_A1_1e+09,707945785,794328234,1032.010169,152.562876,3.639763e+13,86382450,0
planted_a0.60_s0.45_g5_A1_1e+09,794328235,891250938,241.252236,-729.559180,1.302218e+13,96922704,0
planted_a0.60_s0.45_g5_A1_1e+09,891250939,999999999,-668.790873,-1524.149285,1.478193e+14,108749061,0
planted_a0.60_s0.45_g5_A1_1e+09,1000000000,1000000000,-1471.123448,-1471.402506,2.164615e+06,1,0
