# mode=fin R=[2, 3, 5, 7, 11, 13] Q=30030 rho=0.191808191808 prop5.1_meansquare=1.022977022977
fin_K6,1,1,0.808192,0.808192,0.616384,6.727787e-01,1
fin_K6,2,2,0.616384,0.616384,0.424575,4.558157e-01,1
fin_K6,3,3,0.424575,0.424575,0.232767,3.335058e-01,1
fin_K6,4,5,0.232767,0.232767,-0.150849,1.636757e-01,2
fin_K6,6,6,0.342657,-0.150849,-0.342657,1.729176e-01,1
fin_K6,7,7,0.534466,-0.342657,-0.534466,4.807565e-01,1
fin_K6,8,9,0.918082,-0.534466,-0.918082,7.216470e-01,2
fin_K6,10,12,1.493506,-0.918082,-1.493506,1.247007e+00,3
fin_K6,13,15,2.068931,-1.493506,-2.068931,1.796041e+00,3
fin_K6,16,19,2.260739,-0.644356,-2.260739,1.529830e+00,4
fin_K6,20,25,1.411588,-0.411588,-1.411588,9.220523e-01,6
fin_K6,26,31,1.562438,0.053946,-1.562438,9.884384e-01,6
fin_K6,32,39,1.096903,-0.096903,-1.096903,6.199283e-01,8
fin_K6,40,50,0.985015,0.985015,-0.864136,5.128634e-01,11
fin_K6,51,63,1.299700,1.299700,-0.316683,5.772369e-01,13
fin_K6,64,79,1.998002,1.998002,0.148851,1.182830e+00,16
fin_K6,80,99,2.079920,2.079920,0.394605,1.327181e+00,20
fin_K6,100,125,3.325674,3.325674,0.627373,2.185656e+00,26
fin_K6,126,158,2.338661,2.338661,0.420579,1.431384e+00,33
fin_K6,159,199,2.830170,2.830170,0.364635,1.481194e+00,41
fin_K6,200,251,2.638362,2.638362,-0.773227,1.063300e+00,52
fin_K6,252,316,1.800200,1.800200,-0.885115,7.213327e-01,65
fin_K6,317,398,1.557443,1.196803,-1.557443,5.013850e-01,82
fin_K6,399,501,1.669331,1.425574,-1.669331,6.342835e-01,103
fin_K6,502,630,2.591409,0.533467,-2.591409,1.181212e+00,129
fin_K6,631,794,2.487512,0.486513,-2.487512,8.813348e-01,164
fin_K6,795,999,3.172827,0.469530,-3.172827,1.544323e+00,205
fin_K6,1000,1258,2.676324,0.711289,-2.676324,1.118003e+00,259
fin_K6,1259,1584,3.067932,1.306693,-3.067932,1.238664e+00,326
fin_K6,1585,1995,2.234765,2.234765,-1.515485,7.406209e-01,411
fin_K6,1996,2511,3.169830,2.312687,-3.169830,8.876637e-01,516
fin_K6,2512,3162,2.634366,2.193806,-2.634366,8.810960e-01,651
fin_K6,3163,3981,2.509491,2.509491,-2.507493,7.727520e-01,819
fin_K6,3982,5011,3.171828,3.171828,-1.855145,1.003216e+00,1030
fin_K6,5012,6309,2.557443,2.557443,-2.157842,8.735304e-01,1298
fin_K6,6310,7943,3.158841,3.158841,-2.162837,1.055840e+00,1634
fin_K6,7944,9999,2.633367,2.624376,-2.633367,8.491476e-01,2056
fin_K6,10000,12589,3.547453,3.547453,-2.613387,1.040440e+00,2590
fin_K6,12590,15848,3.393606,3.393606,-3.393606,1.269803e+00,3259
fin_K6,15849,19952,3.547453,2.851149,-3.547453,1.030876e+00,4104
fin_K6,19953,25118,3.158841,2.633367,-3.158841,9.224554e-01,5166
fin_K6,25119,31622,3.325674,3.325674,-3.325674,1.031838e+00,6504
fin_K6,31623,39810,3.171828,3.171828,-3.169830,9.142434e-01,8188
fin_K6,39811,50118,3.547453,3.547453,-3.547453,1.109308e+00,10308
fin_K6,50119,63095,3.325674,3.325674,-3.325674,9.721636e-01,12977
fin_K6,63096,79432,3.547453,3.547453,-3.547453,1.031274e+00,16337
fin_K6,79433,99999,3.403596,3.325674,-3.403596,9.666143e-01,20567
fin_K6,100000,125892,3.547453,3.547453,-3.547453,1.021320e+00,25893
fin_K6,125893,158489,3.547453,3.547453,-3.547453,1.011801e+00,32597
fin_K6,158490,199526,3.547453,3.547453,-3.547453,1.026558e+00,41037
fin_K6,199527,251188,3.547453,3.547453,-3.547453,9.981433e-01,51662
fin_K6,251189,316227,3.547453,3.547453,-3.547453,1.023646e+00,65039
fin_K6,316228,398107,3.547453,3.547453,-3.547453,1.003799e+00,81880
fin_K6,398108,501187,3.547453,3.547453,-3.547453,1.016850e+00,103080
fin_K6,501188,630957,3.547453,3.547453,-3.547453,1.009328e+00,129770
fin_K6,630958,794328,3.547453,3.547453,-3.547453,1.008206e+00,163371
fin_K6,794329,999999,3.547453,3.547453,-3.547453,1.011700e+00,205671
fin_K6,1000000,1258925,3.547453,3.547453,-3.547453,1.012441e+00,258926
fin_K6,1258926,1584893,3.547453,3.547453,-3.547453,1.013017e+00,325968
fin_K6,1584894,1995262,3.547453,3.547453,-3.547453,1.009485e+00,410369
fin_K6,1995263,2511886,3.547453,3.547453,-3.547453,1.013062e+00,516624
fin_K6,2511887,3162277,3.547453,3.547453,-3.547453,1.010290e+00,650391
fin_K6,3162278,3981071,3.547453,3.547453,-3.547453,1.012482e+00,818794
fin_K6,3981072,5011872,3.547453,3.547453,-3.547453,1.010956e+00,1030801
fin_K6,5011873,6309573,3.547453,3.547453,-3.547453,1.011410e+00,1297701
fin_K6,6309574,7943282,3.547453,3.547453,-3.547453,1.011529e+00,1633709
fin_K6,7943283,9999999,3.547453,3.547453,-3.547453,1.011390e+00,2056717
fin_K6,10000000,12589254,3.547453,3.547453,-3.547453,1.011272e+00,2589255
fin_K6,12589255,15848931,3.547453,3.547453,-3.547453,1.011629e+00,3259677
fin_K6,15848932,19952623,3.547453,3.547453,-3.547453,1.011265e+00,4103692
fin_K6,19952624,25118864,3.547453,3.547453,-3.547453,1.011484e+00,5166241
fin_K6,25118865,31622776,3.547453,3.547453,-3.547453,1.011509e+00,6503912
fin_K6,31622777,39810717,3.547453,3.547453,-3.547453,1.011436e+00,8187941
fin_K6,39810718,50118723,3.547453,3.547453,-3.547453,1.011363e+00,10308006
fin_K6,50118724,63095734,3.547453,3.547453,-3.547453,1.011445e+00,12977011
fin_K6,63095735,79432823,3.547453,3.547453,-3.547453,1.011415e+00,16337089
fin_K6,79432824,99999999,3.547453,3.547453,-3.547453,1.011429e+00,20567176
fin_K6,100000000,100000000,0.819181,0.819181,0.627373,6.280314e-01,1
