# run=feedback_a0.750_K2_c2 alpha=0.7500 X=1000000000 Y=4000000000 K=2 c=2 nR(Y)=2046660 nR(X)=773002 D(X)=-4742.003 max|D|/p^(a/2)=2.000 forced=772764 logrho_Y=-2.179837707783 tail=-0.001241799368 rho=0.112919567342
feedback_a0.750_K2_c2,1,1,0.887080,0.774161,6.899307e-01,1,0
feedback_a0.750_K2_c2,2,2,0.774161,0.661241,5.150948e-01,1,0
feedback_a0.750_K2_c2,3,3,0.661241,0.548322,3.657607e-01,1,0
feedback_a0.750_K2_c2,4,4,0.548322,0.435402,2.419282e-01,1,0
feedback_a0.750_K2_c2,5,5,0.435402,0.322483,1.435973e-01,1,0
feedback_a0.750_K2_c2,6,6,0.322483,0.209563,7.076814e-02,1,0
feedback_a0.750_K2_c2,7,7,0.209563,0.096643,2.344060e-02,1,0
feedback_a0.750_K2_c2,8,8,0.096643,-0.016276,1.614728e-03,1,0
feedback_a0.750_K2_c2,9,9,-0.016276,-0.129196,5.290510e-03,1,0
feedback_a0.750_K2_c2,10,11,-0.129196,-0.355035,1.236150e-01,2,0
feedback_a0.750_K2_c2,12,12,-0.355035,-0.467954,1.693278e-01,1,0
feedback_a0.750_K2_c2,13,14,-0.467954,-0.693794,6.812045e-01,2,0
feedback_a0.750_K2_c2,15,15,-0.693794,-0.806713,5.628800e-01,1,0
feedback_a0.750_K2_c2,16,17,0.080367,-0.919633,7.456390e-01,2,0
feedback_a0.750_K2_c2,18,19,-0.032552,-0.258391,4.869949e-02,2,0
feedback_a0.750_K2_c2,20,22,-0.258391,-0.597150,5.744650e-01,3,0
feedback_a0.750_K2_c2,23,25,-0.597150,-0.935909,1.788204e+00,3,0
feedback_a0.750_K2_c2,26,28,-0.935909,-1.274667,3.690487e+00,3,0
feedback_a0.750_K2_c2,29,31,-0.274667,-0.613426,6.170343e-01,3,0
feedback_a0.750_K2_c2,32,35,-0.613426,-1.065104,2.881219e+00,4,0
feedback_a0.750_K2_c2,36,39,-0.178024,-1.178024,1.645475e+00,4,0
feedback_a0.750_K2_c2,40,44,-0.516783,-1.081381,3.320165e+00,5,0
feedback_a0.750_K2_c2,45,50,-0.307220,-1.307220,4.059442e+00,6,0
feedback_a0.750_K2_c2,51,56,-0.758898,-1.436415,7.452240e+00,6,0
feedback_a0.750_K2_c2,57,63,-0.662254,-1.662254,9.395667e+00,7,0
feedback_a0.750_K2_c2,64,70,-0.565611,-1.565611,8.443218e+00,7,0
feedback_a0.750_K2_c2,71,79,-0.920646,-1.920646,1.875320e+01,9,0
feedback_a0.750_K2_c2,80,89,-0.372324,-1.372324,8.847604e+00,10,0
feedback_a0.750_K2_c2,90,99,-0.953198,-1.953198,2.115417e+01,10,0
feedback_a0.750_K2_c2,100,112,-0.404876,-1.759911,1.770051e+01,13,0
feedback_a0.750_K2_c2,113,125,-0.759911,-2.227865,3.133278e+01,13,0
feedback_a0.750_K2_c2,126,141,-0.469981,-2.340785,2.595739e+01,16,0
feedback_a0.750_K2_c2,142,158,-0.728372,-1.825016,2.966429e+01,17,0
feedback_a0.750_K2_c2,159,177,-0.535085,-1.857568,2.862615e+01,19,0
feedback_a0.750_K2_c2,178,199,-0.793476,-2.567637,6.193359e+01,22,0
feedback_a0.750_K2_c2,200,223,-1.583913,-3.181064,1.369263e+02,24,0
feedback_a0.750_K2_c2,224,251,-0.858581,-2.632742,8.269711e+01,28,0
feedback_a0.750_K2_c2,252,281,-0.697846,-2.278720,7.275914e+01,30,0
feedback_a0.750_K2_c2,282,316,-0.633755,-2.666307,9.641939e+01,35,0
feedback_a0.750_K2_c2,317,354,-1.408929,-3.376377,2.396912e+02,38,0
feedback_a0.750_K2_c2,355,398,-0.925712,-2.538125,1.408919e+02,44,0
feedback_a0.750_K2_c2,399,446,-1.023368,-2.668334,1.707514e+02,48,0
feedback_a0.750_K2_c2,447,501,-0.669347,-3.088473,2.295688e+02,55,0
feedback_a0.750_K2_c2,502,562,-1.476060,-4.089486,5.176909e+02,61,0
feedback_a0.750_K2_c2,563,630,-1.154590,-3.251234,3.034619e+02,68,0
feedback_a0.750_K2_c2,631,707,-1.607282,-3.381443,4.805246e+02,77,0
feedback_a0.750_K2_c2,708,794,-1.447560,-3.867699,5.805289e+02,87,0
feedback_a0.750_K2_c2,795,891,-0.965356,-4.030461,6.183666e+02,97,0
feedback_a0.750_K2_c2,892,999,-1.580809,-4.418048,9.104983e+02,108,0
feedback_a0.750_K2_c2,1000,1122,-1.258326,-3.807661,9.465725e+02,123,0
feedback_a0.750_K2_c2,1123,1258,-2.003987,-4.165735,1.254631e+03,136,0
feedback_a0.750_K2_c2,1259,1412,-1.908357,-5.683531,1.962491e+03,154,0
feedback_a0.750_K2_c2,1413,1584,-2.041605,-4.234892,1.669006e+03,172,0
feedback_a0.750_K2_c2,1585,1778,-1.882897,-5.172828,2.285855e+03,194,0
feedback_a0.750_K2_c2,1779,1995,-2.273524,-6.143315,3.491987e+03,217,0
feedback_a0.750_K2_c2,1996,2238,-2.309115,-5.761807,3.463760e+03,243,0
feedback_a0.750_K2_c2,2239,2511,-2.569533,-5.653953,4.123788e+03,273,0
feedback_a0.750_K2_c2,2512,2818,-2.414877,-6.799425,5.791194e+03,307,0
feedback_a0.750_K2_c2,2819,3162,-2.578652,-7.164592,7.648282e+03,344,0
feedback_a0.750_K2_c2,3163,3548,-2.489100,-6.616270,6.899239e+03,386,0
feedback_a0.750_K2_c2,3549,3981,-1.268327,-5.690493,6.702173e+03,433,0
feedback_a0.750_K2_c2,3982,4466,-3.374089,-6.925450,1.192533e+04,485,0
feedback_a0.750_K2_c2,4467,5011,-2.895938,-6.608034,1.141327e+04,545,0
feedback_a0.750_K2_c2,5012,5623,-2.715822,-7.620192,1.732185e+04,612,0
feedback_a0.750_K2_c2,5624,6309,-2.731020,-7.562180,1.557270e+04,686,0
feedback_a0.750_K2_c2,6310,7079,-3.022977,-7.449195,1.887328e+04,770,0
feedback_a0.750_K2_c2,7080,7943,-3.591562,-10.363696,2.976528e+04,864,0
feedback_a0.750_K2_c2,7944,8912,-3.823480,-10.705429,4.878441e+04,969,0
feedback_a0.750_K2_c2,8913,9999,-4.015623,-10.326961,5.778404e+04,1087,0
feedback_a0.750_K2_c2,10000,11220,-4.345198,-11.070465,5.995227e+04,1221,0
feedback_a0.750_K2_c2,11221,12589,-7.138609,-17.572933,2.218204e+05,1369,0
feedback_a0.750_K2_c2,12590,14125,-6.234109,-14.020428,1.568319e+05,1536,0
feedback_a0.750_K2_c2,14126,15848,-10.860706,-19.385594,3.759266e+05,1723,0
feedback_a0.750_K2_c2,15849,17782,-10.069060,-18.428148,3.559287e+05,1934,0
feedback_a0.750_K2_c2,17783,19952,-10.896037,-25.590778,7.472266e+05,2170,0
feedback_a0.750_K2_c2,19953,22387,-12.217245,-25.428900,1.063127e+06,2435,0
feedback_a0.750_K2_c2,22388,25118,-12.315784,-27.523256,9.780599e+05,2731,0
feedback_a0.750_K2_c2,25119,28183,-18.650294,-28.977973,1.831107e+06,3065,0
feedback_a0.750_K2_c2,28184,31622,-17.622677,-36.855478,2.669488e+06,3439,0
feedback_a0.750_K2_c2,31623,35481,-23.506392,-40.185053,3.574047e+06,3859,0
feedback_a0.750_K2_c2,35482,39810,-23.823678,-36.301568,3.932799e+06,4329,0
feedback_a0.750_K2_c2,39811,44668,-28.603657,-42.689024,6.621927e+06,4858,0
feedback_a0.750_K2_c2,44669,50118,-31.780341,-47.981603,8.758270e+06,5450,0
feedback_a0.750_K2_c2,50119,56234,-38.678240,-55.319904,1.362820e+07,6116,0
feedback_a0.750_K2_c2,56235,63095,-26.257447,-47.748639,9.572264e+06,6861,0
feedback_a0.750_K2_c2,63096,70794,-42.725206,-65.559896,2.165339e+07,7699,0
feedback_a0.750_K2_c2,70795,79432,-45.519729,-65.560909,2.694410e+07,8638,0
feedback_a0.750_K2_c2,79433,89125,-46.909081,-76.079556,3.601200e+07,9693,0
feedback_a0.750_K2_c2,89126,99999,-45.373017,-75.343896,3.982200e+07,10874,0
feedback_a0.750_K2_c2,100000,112201,-52.468255,-77.834926,5.120308e+07,12202,0
feedback_a0.750_K2_c2,112202,125892,-68.563232,-90.288108,8.994804e+07,13691,0
feedback_a0.750_K2_c2,125893,141253,-59.133812,-83.487964,8.336988e+07,15361,0
feedback_a0.750_K2_c2,141254,158489,-70.680337,-97.735801,1.201639e+08,17236,0
feedback_a0.750_K2_c2,158490,177827,-72.555914,-106.783879,1.535796e+08,19338,0
feedback_a0.750_K2_c2,177828,199526,-89.121658,-113.652103,2.170803e+08,21699,0
feedback_a0.750_K2_c2,199527,223872,-83.387731,-115.500977,2.529343e+08,24346,0
feedback_a0.750_K2_c2,223873,251188,-86.588961,-133.650995,3.488273e+08,27316,0
feedback_a0.750_K2_c2,251189,281838,-101.348843,-130.958117,4.034898e+08,30650,0
feedback_a0.750_K2_c2,281839,316227,-101.865234,-157.052018,6.346913e+08,34389,0
feedback_a0.750_K2_c2,316228,354813,-116.841151,-151.602465,6.794733e+08,38586,0
feedback_a0.750_K2_c2,354814,398107,-110.840237,-170.073888,8.409927e+08,43294,0
feedback_a0.750_K2_c2,398108,446683,-144.925577,-183.293454,1.319550e+09,48576,0
feedback_a0.750_K2_c2,446684,501187,-144.310682,-183.623065,1.483681e+09,54504,0
feedback_a0.750_K2_c2,501188,562341,-152.658399,-206.399323,1.990513e+09,61154,0
feedback_a0.750_K2_c2,562342,630957,-161.468876,-204.829954,2.247549e+09,68616,0
feedback_a0.750_K2_c2,630958,707945,-179.497083,-235.643767,3.526210e+09,76988,0
feedback_a0.750_K2_c2,707946,794328,-200.767541,-251.573079,4.251349e+09,86383,0
feedback_a0.750_K2_c2,794329,891250,-203.600046,-240.813894,4.873662e+09,96922,0
feedback_a0.750_K2_c2,891251,999999,-214.837917,-276.915480,6.672124e+09,108749,0
feedback_a0.750_K2_c2,1000000,1122018,-233.263359,-300.286635,8.847983e+09,122019,0
feedback_a0.750_K2_c2,1122019,1258925,-261.533398,-313.880094,1.145051e+10,136907,0
feedback_a0.750_K2_c2,1258926,1412537,-266.416855,-324.196023,1.354503e+10,153612,0
feedback_a0.750_K2_c2,1412538,1584893,-298.287050,-348.413923,1.788122e+10,172356,0
feedback_a0.750_K2_c2,1584894,1778279,-315.807893,-391.307464,2.366903e+10,193386,0
feedback_a0.750_K2_c2,1778280,1995262,-359.956751,-410.144422,3.205468e+10,216983,0
feedback_a0.750_K2_c2,1995263,2238721,-348.918139,-403.074584,3.419508e+10,243459,0
feedback_a0.750_K2_c2,2238722,2511886,-369.013611,-487.981890,4.966205e+10,273165,0
feedback_a0.750_K2_c2,2511887,2818382,-415.180713,-493.073534,6.429789e+10,306496,0
feedback_a0.750_K2_c2,2818383,3162277,-424.403489,-537.457468,8.222537e+10,343895,0
feedback_a0.750_K2_c2,3162278,3548133,-452.579623,-547.878775,9.657729e+10,385856,0
feedback_a0.750_K2_c2,3548134,3981071,-508.795449,-570.029389,1.267750e+11,432938,0
feedback_a0.750_K2_c2,3981072,4466835,-530.218675,-670.574683,1.828777e+11,485764,0
feedback_a0.750_K2_c2,4466836,5011872,-568.089578,-665.004562,2.091529e+11,545037,0
feedback_a0.750_K2_c2,5011873,5623413,-587.401766,-711.319623,2.622244e+11,611541,0
feedback_a0.750_K2_c2,5623414,6309573,-643.276009,-778.672884,3.452519e+11,686160,0
feedback_a0.750_K2_c2,6309574,7079457,-726.211470,-845.694596,4.857674e+11,769884,0
feedback_a0.750_K2_c2,7079458,7943282,-740.413032,-868.322918,5.419237e+11,863825,0
feedback_a0.750_K2_c2,7943283,8912509,-825.243443,-937.794084,7.444198e+11,969227,0
feedback_a0.750_K2_c2,8912510,9999999,-840.273901,-993.940110,9.112218e+11,1087490,0
feedback_a0.750_K2_c2,10000000,11220184,-947.183379,-1114.184815,1.253539e+12,1220185,0
feedback_a0.750_K2_c2,11220185,12589254,-958.772373,-1154.226478,1.553529e+12,1369070,0
feedback_a0.750_K2_c2,12589255,14125375,-948.804651,-1269.913571,1.874564e+12,1536121,0
feedback_a0.750_K2_c2,14125376,15848931,-1139.109814,-1294.647381,2.567523e+12,1723556,0
feedback_a0.750_K2_c2,15848932,17782794,-1197.733319,-1356.555502,3.258385e+12,1933863,0
feedback_a0.750_K2_c2,17782795,19952623,-1278.399575,-1475.278377,4.160870e+12,2169829,0
feedback_a0.750_K2_c2,19952624,22387211,-1357.921548,-1539.914788,4.931074e+12,2434588,0
feedback_a0.750_K2_c2,22387212,25118864,-1512.306593,-1673.982221,6.955526e+12,2731653,0
feedback_a0.750_K2_c2,25118865,28183829,-1624.953749,-1770.432286,8.745135e+12,3064965,0
feedback_a0.750_K2_c2,28183830,31622776,-1680.722549,-1886.019731,1.110157e+13,3438947,0
feedback_a0.750_K2_c2,31622777,35481338,-1724.332623,-2040.943665,1.306313e+13,3858562,0
feedback_a0.750_K2_c2,35481339,39810717,-1959.059187,-2284.575663,1.952888e+13,4329379,0
feedback_a0.750_K2_c2,39810718,44668359,-2039.101432,-2318.761785,2.277522e+13,4857642,0
feedback_a0.750_K2_c2,44668360,50118723,-2153.907254,-2499.982646,2.862230e+13,5450364,0
feedback_a0.750_K2_c2,50118724,56234132,-2400.184362,-2578.184058,3.814240e+13,6115409,0
feedback_a0.750_K2_c2,56234133,63095734,-2399.381737,-2932.200247,4.766950e+13,6861602,0
feedback_a0.750_K2_c2,63095735,70794578,-2738.948931,-3087.209938,6.476666e+13,7698844,0
feedback_a0.750_K2_c2,70794579,79432823,-2788.681642,-3165.013834,7.455174e+13,8638245,0
feedback_a0.750_K2_c2,79432824,89125093,-3067.874315,-3482.744513,1.026618e+14,9692270,0
feedback_a0.750_K2_c2,89125094,99999999,-3303.181042,-3628.356122,1.303859e+14,10874906,0
feedback_a0.750_K2_c2,100000000,112201845,-3508.457083,-3887.033713,1.676533e+14,12201846,0
feedback_a0.750_K2_c2,112201846,125892541,-3642.733476,-4095.167521,2.049564e+14,13690696,0
feedback_a0.750_K2_c2,125892542,141253754,-3898.101601,-4610.564900,2.704812e+14,15361213,0
feedback_a0.750_K2_c2,141253755,158489319,-4256.691196,-4640.506446,3.425039e+14,17235565,0
feedback_a0.750_K2_c2,158489320,177827941,-4488.757243,-5115.334136,4.566877e+14,19338622,0
feedback_a0.750_K2_c2,177827942,199526231,-4708.361112,-5221.091059,5.332546e+14,21698290,0
feedback_a0.750_K2_c2,199526232,223872113,-5058.311775,-5822.847179,7.091113e+14,24345882,0
feedback_a0.750_K2_c2,223872114,251188643,-5690.292199,-6140.204933,9.610467e+14,27316530,0
feedback_a0.750_K2_c2,251188644,281838293,-5619.287224,-6537.334844,1.115368e+15,30649650,0
feedback_a0.750_K2_c2,281838294,316227766,-6392.329258,-6853.991739,1.496798e+15,34389473,0
feedback_a0.750_K2_c2,316227767,354813389,-6518.306607,-7259.990006,1.829424e+15,38585623,0
feedback_a0.750_K2_c2,354813390,398107170,-7039.605804,-7911.188176,2.495834e+15,43293781,0
feedback_a0.750_K2_c2,398107171,446683592,-7623.207445,-8144.125382,3.010178e+15,48576422,0
feedback_a0.750_K2_c2,446683593,501187233,-7939.938134,-8629.566711,3.778380e+15,54503641,0
feedback_a0.750_K2_c2,501187234,562341325,-8451.178805,-9464.884641,5.055319e+15,61154092,0
feedback_a0.750_K2_c2,562341326,630957344,-9109.888599,-10192.134691,6.303460e+15,68616019,0
feedback_a0.750_K2_c2,630957345,707945784,-9915.666213,-10380.273903,7.952649e+15,76988440,0
feedback_a0.750_K2_c2,707945785,794328234,-10055.525018,-11573.278417,1.014184e+16,86382450,0
feedback_a0.750_K2_c2,794328235,891250938,-10981.314742,-11953.296570,1.275218e+16,96922704,0
feedback_a0.750_K2_c2,891250939,999999999,-11909.837673,-12807.691236,1.659183e+16,108749061,0
feedback_a0.750_K2_c2,1000000000,1000000000,-12568.341766,-12568.454685,1.579646e+08,1,0
