# run=feedback_a0.750_K2_c1_corr alpha=0.7500 X=1000000000 Y=4000000000 K=2 c=1 nR(Y)=1025632 nR(X)=388803 D(X)=-69.961 max|D|/p^(a/2)=0.526 forced=0 logrho_Y=-1.919933799247 tail=-0.000620899684 rho=0.146525661956
feedback_a0.750_K2_c1_corr,1,1,0.853474,0.706949,6.087300e-01,1,0
feedback_a0.750_K2_c1_corr,2,2,0.706949,0.560423,4.015578e-01,1,0
feedback_a0.750_K2_c1_corr,3,3,0.560423,0.413897,2.373250e-01,1,0
feedback_a0.750_K2_c1_corr,4,4,0.413897,0.267372,1.160319e-01,1,0
feedback_a0.750_K2_c1_corr,5,5,0.267372,0.120846,3.767825e-02,1,0
feedback_a0.750_K2_c1_corr,6,6,0.120846,-0.025680,2.264161e-03,1,0
feedback_a0.750_K2_c1_corr,7,7,-0.025680,-0.172205,9.789611e-03,1,0
feedback_a0.750_K2_c1_corr,8,8,-0.172205,-0.318731,6.025460e-02,1,0
feedback_a0.750_K2_c1_corr,9,9,-0.318731,-0.465257,1.536591e-01,1,0
feedback_a0.750_K2_c1_corr,10,11,0.388218,-0.611782,3.891998e-01,2,0
feedback_a0.750_K2_c1_corr,12,12,0.241692,0.095166,2.836840e-02,1,0
feedback_a0.750_K2_c1_corr,13,14,0.095166,-0.197885,1.601043e-02,2,0
feedback_a0.750_K2_c1_corr,15,15,-0.197885,-0.344411,7.352111e-02,1,0
feedback_a0.750_K2_c1_corr,16,17,0.509064,-0.490936,3.643735e-01,2,0
feedback_a0.750_K2_c1_corr,18,19,0.362538,0.069487,1.040576e-01,2,0
feedback_a0.750_K2_c1_corr,20,22,0.069487,-0.370090,1.107114e-01,3,0
feedback_a0.750_K2_c1_corr,23,25,-0.370090,-0.809667,1.086810e+00,3,0
feedback_a0.750_K2_c1_corr,26,28,-0.809667,-1.249244,3.222277e+00,3,0
feedback_a0.750_K2_c1_corr,29,31,0.457704,-0.542296,4.717978e-01,3,0
feedback_a0.750_K2_c1_corr,32,35,0.311179,-0.274924,1.086633e-01,4,0
feedback_a0.750_K2_c1_corr,36,39,0.578551,-0.421449,5.503040e-01,4,0
feedback_a0.750_K2_c1_corr,40,44,0.138974,-0.593655,4.731165e-01,5,0
feedback_a0.750_K2_c1_corr,45,50,0.113294,-0.886706,1.343069e+00,6,0
feedback_a0.750_K2_c1_corr,51,56,0.234140,-0.765860,8.991162e-01,6,0
feedback_a0.750_K2_c1_corr,57,63,0.354986,-0.645014,7.230556e-01,7,0
feedback_a0.750_K2_c1_corr,64,70,0.182781,-0.817219,1.269698e+00,7,0
feedback_a0.750_K2_c1_corr,71,79,0.596678,-0.575527,1.025973e+00,9,0
feedback_a0.750_K2_c1_corr,80,89,0.277947,-1.040784,2.610513e+00,10,0
feedback_a0.750_K2_c1_corr,90,99,-0.187310,-1.212989,4.637447e+00,10,0
feedback_a0.750_K2_c1_corr,100,112,0.321754,-0.799092,1.703340e+00,13,0
feedback_a0.750_K2_c1_corr,113,125,0.442600,-0.729605,1.327174e+00,13,0
feedback_a0.750_K2_c1_corr,126,141,0.391241,-1.074016,4.407615e+00,16,0
feedback_a0.750_K2_c1_corr,142,158,-0.004529,-1.832324,1.706256e+01,17,0
feedback_a0.750_K2_c1_corr,159,177,0.530214,-1.081568,4.932669e+00,19,0
feedback_a0.750_K2_c1_corr,178,199,0.599701,-1.228093,4.022768e+00,22,0
feedback_a0.750_K2_c1_corr,200,223,-0.305132,-2.675223,6.077751e+01,24,0
feedback_a0.750_K2_c1_corr,224,251,-0.019633,-2.261325,3.538432e+01,28,0
feedback_a0.750_K2_c1_corr,252,281,0.412392,-1.657095,2.360105e+01,30,0
feedback_a0.750_K2_c1_corr,282,316,0.654084,-1.983378,2.680159e+01,35,0
feedback_a0.750_K2_c1_corr,317,354,1.258314,-0.723559,9.473828e+00,38,0
feedback_a0.750_K2_c1_corr,355,398,0.466774,-1.170688,9.083633e+00,44,0
feedback_a0.750_K2_c1_corr,399,446,0.554388,-1.394252,1.429933e+01,48,0
feedback_a0.750_K2_c1_corr,447,501,0.762849,-1.357997,1.669835e+01,55,0
feedback_a0.750_K2_c1_corr,502,562,0.780976,-1.614794,2.852482e+01,61,0
feedback_a0.750_K2_c1_corr,563,630,0.593667,-1.373102,1.758570e+01,68,0
feedback_a0.750_K2_c1_corr,631,707,0.904845,-1.740169,4.824788e+01,77,0
feedback_a0.750_K2_c1_corr,708,794,0.493971,-2.524156,1.261481e+02,87,0
feedback_a0.750_K2_c1_corr,795,891,0.771918,-1.780953,3.137527e+01,97,0
feedback_a0.750_K2_c1_corr,892,999,0.723582,-1.726570,3.737433e+01,108,0
feedback_a0.750_K2_c1_corr,1000,1122,1.209990,-1.705419,4.294654e+01,123,0
feedback_a0.750_K2_c1_corr,1123,1258,0.678269,-1.581550,5.470166e+01,136,0
feedback_a0.750_K2_c1_corr,1259,1412,0.974344,-3.113270,2.602957e+02,154,0
feedback_a0.750_K2_c1_corr,1413,1584,1.306673,-3.506017,2.326350e+02,172,0
feedback_a0.750_K2_c1_corr,1585,1778,1.379183,-3.067946,2.329553e+02,194,0
feedback_a0.750_K2_c1_corr,1779,1995,0.832359,-2.255255,1.637949e+02,217,0
feedback_a0.750_K2_c1_corr,1996,2238,0.738710,-2.953134,2.520247e+02,243,0
feedback_a0.750_K2_c1_corr,2239,2511,0.762884,-2.173676,1.334822e+02,273,0
feedback_a0.750_K2_c1_corr,2512,2818,1.684339,-2.457657,2.429325e+02,307,0
feedback_a0.750_K2_c1_corr,2819,3162,1.228152,-3.019586,5.385423e+02,344,0
feedback_a0.750_K2_c1_corr,3163,3548,1.285558,-3.539213,9.048499e+02,386,0
feedback_a0.750_K2_c1_corr,3549,3981,2.611853,-2.895705,4.530454e+02,433,0
feedback_a0.750_K2_c1_corr,3982,4466,1.204002,-3.720465,1.236142e+03,485,0
feedback_a0.750_K2_c1_corr,4467,5011,1.113376,-4.518039,1.730279e+03,545,0
feedback_a0.750_K2_c1_corr,5012,5623,1.364138,-3.454587,9.822437e+02,612,0
feedback_a0.750_K2_c1_corr,5624,6309,1.261431,-4.974214,3.188222e+03,686,0
feedback_a0.750_K2_c1_corr,6310,7079,1.188945,-5.493842,2.882639e+03,770,0
feedback_a0.750_K2_c1_corr,7080,7943,1.370232,-6.176605,3.482679e+03,864,0
feedback_a0.750_K2_c1_corr,7944,8912,1.527344,-3.614652,1.536034e+03,969,0
feedback_a0.750_K2_c1_corr,8913,9999,1.636121,-4.079897,1.972133e+03,1087,0
feedback_a0.750_K2_c1_corr,10000,11220,2.092332,-4.339681,4.436441e+03,1221,0
feedback_a0.750_K2_c1_corr,11221,12589,1.575751,-4.215800,3.856430e+03,1369,0
feedback_a0.750_K2_c1_corr,12590,14125,2.228329,-3.859273,2.749288e+03,1536,0
feedback_a0.750_K2_c1_corr,14126,15848,1.433813,-3.378901,1.481819e+03,1723,0
feedback_a0.750_K2_c1_corr,15849,17782,2.071311,-5.484595,6.552407e+03,1934,0
feedback_a0.750_K2_c1_corr,17783,19952,1.630228,-8.176392,2.088505e+04,2170,0
feedback_a0.750_K2_c1_corr,19953,22387,2.424850,-4.692973,3.419400e+03,2435,0
feedback_a0.750_K2_c1_corr,22388,25118,2.388642,-6.345504,1.073427e+04,2731,0
feedback_a0.750_K2_c1_corr,25119,28183,2.412839,-7.303132,1.338325e+04,3065,0
feedback_a0.750_K2_c1_corr,28184,31622,1.844970,-4.931489,1.000551e+04,3439,0
feedback_a0.750_K2_c1_corr,31623,35481,2.621418,-6.602112,1.042875e+04,3859,0
feedback_a0.750_K2_c1_corr,35482,39810,2.092827,-7.780281,2.389377e+04,4329,0
feedback_a0.750_K2_c1_corr,39811,44668,1.929715,-10.021867,5.418106e+04,4858,0
feedback_a0.750_K2_c1_corr,44669,50118,2.271279,-8.420613,4.496843e+04,5450,0
feedback_a0.750_K2_c1_corr,50119,56234,2.570388,-10.209035,4.116905e+04,6116,0
feedback_a0.750_K2_c1_corr,56235,63095,2.751781,-8.136372,3.257330e+04,6861,0
feedback_a0.750_K2_c1_corr,63096,70794,2.697552,-7.489805,4.051831e+04,7699,0
feedback_a0.750_K2_c1_corr,70795,79432,2.516407,-7.619438,3.420864e+04,8638,0
feedback_a0.750_K2_c1_corr,79433,89125,2.332321,-9.888150,8.818746e+04,9693,0
feedback_a0.750_K2_c1_corr,89126,99999,3.018283,-14.425740,1.891741e+05,10874,0
feedback_a0.750_K2_c1_corr,100000,112201,2.885639,-9.455831,7.325574e+04,12202,0
feedback_a0.750_K2_c1_corr,112202,125892,3.477859,-9.733542,1.068162e+05,13691,0
feedback_a0.750_K2_c1_corr,125893,141253,3.245578,-7.358534,6.585940e+04,15361,0
feedback_a0.750_K2_c1_corr,141254,158489,2.856197,-12.624247,1.858950e+05,17236,0
feedback_a0.750_K2_c1_corr,158490,177827,3.285517,-9.735705,1.747080e+05,19338,0
feedback_a0.750_K2_c1_corr,177828,199526,3.318925,-9.837928,1.353949e+05,21699,0
feedback_a0.750_K2_c1_corr,199527,223872,3.506836,-10.595906,1.378074e+05,24346,0
feedback_a0.750_K2_c1_corr,223873,251188,3.380309,-12.199465,2.745254e+05,27316,0
feedback_a0.750_K2_c1_corr,251189,281838,3.190671,-10.120366,2.935232e+05,30650,0
feedback_a0.750_K2_c1_corr,281839,316227,3.490500,-14.098886,4.482554e+05,34389,0
feedback_a0.750_K2_c1_corr,316228,354813,3.590867,-10.173617,2.154219e+05,38586,0
feedback_a0.750_K2_c1_corr,354814,398107,3.639992,-23.992048,1.729819e+06,43294,0
feedback_a0.750_K2_c1_corr,398108,446683,3.671026,-14.407861,5.631815e+05,48576,0
feedback_a0.750_K2_c1_corr,446684,501187,3.919566,-14.945003,9.807094e+05,54504,0
feedback_a0.750_K2_c1_corr,501188,562341,3.868996,-15.855797,9.441437e+05,61154,0
feedback_a0.750_K2_c1_corr,562342,630957,4.706992,-11.920799,5.491327e+05,68616,0
feedback_a0.750_K2_c1_corr,630958,707945,4.403215,-25.971994,3.607600e+06,76988,0
feedback_a0.750_K2_c1_corr,707946,794328,4.698163,-20.499288,1.665314e+06,86383,0
feedback_a0.750_K2_c1_corr,794329,891250,3.777403,-15.267308,1.889508e+06,96922,0
feedback_a0.750_K2_c1_corr,891251,999999,4.424106,-15.540500,1.710388e+06,108749,0
feedback_a0.750_K2_c1_corr,1000000,1122018,5.479973,-15.372526,1.657613e+06,122019,0
feedback_a0.750_K2_c1_corr,1122019,1258925,5.384809,-22.420974,4.491463e+06,136907,0
feedback_a0.750_K2_c1_corr,1258926,1412537,5.790173,-22.723926,3.749818e+06,153612,0
feedback_a0.750_K2_c1_corr,1412538,1584893,4.918821,-25.338611,4.996101e+06,172356,0
feedback_a0.750_K2_c1_corr,1584894,1778279,5.508118,-27.235970,7.431916e+06,193386,0
feedback_a0.750_K2_c1_corr,1778280,1995262,5.565370,-21.837743,4.623192e+06,216983,0
feedback_a0.750_K2_c1_corr,1995263,2238721,5.385020,-20.974153,5.359585e+06,243459,0
feedback_a0.750_K2_c1_corr,2238722,2511886,5.842149,-32.203346,8.976817e+06,273165,0
feedback_a0.750_K2_c1_corr,2511887,2818382,6.065878,-23.559196,7.021014e+06,306496,0
feedback_a0.750_K2_c1_corr,2818383,3162277,5.863358,-20.702372,7.765054e+06,343895,0
feedback_a0.750_K2_c1_corr,3162278,3548133,6.320900,-25.742771,1.157880e+07,385856,0
feedback_a0.750_K2_c1_corr,3548134,3981071,5.566333,-38.166593,2.963502e+07,432938,0
feedback_a0.750_K2_c1_corr,3981072,4466835,6.595279,-26.041929,1.651879e+07,485764,0
feedback_a0.750_K2_c1_corr,4466836,5011872,6.849512,-35.633926,2.427389e+07,545037,0
feedback_a0.750_K2_c1_corr,5011873,5623413,6.646442,-29.149435,2.054628e+07,611541,0
feedback_a0.750_K2_c1_corr,5623414,6309573,5.864159,-27.931546,3.268350e+07,686160,0
feedback_a0.750_K2_c1_corr,6309574,7079457,6.993973,-30.729617,3.472442e+07,769884,0
feedback_a0.750_K2_c1_corr,7079458,7943282,6.852895,-29.771755,3.394465e+07,863825,0
feedback_a0.750_K2_c1_corr,7943283,8912509,7.343479,-26.872265,3.702079e+07,969227,0
feedback_a0.750_K2_c1_corr,8912510,9999999,6.496612,-36.133017,7.887871e+07,1087490,0
feedback_a0.750_K2_c1_corr,10000000,11220184,7.647658,-41.024614,8.979514e+07,1220185,0
feedback_a0.750_K2_c1_corr,11220185,12589254,8.333537,-36.113081,7.717248e+07,1369070,0
feedback_a0.750_K2_c1_corr,12589255,14125375,7.621646,-55.354019,1.704355e+08,1536121,0
feedback_a0.750_K2_c1_corr,14125376,15848931,7.759434,-49.112797,1.394717e+08,1723556,0
feedback_a0.750_K2_c1_corr,15848932,17782794,8.055409,-36.860687,9.109661e+07,1933863,0
feedback_a0.750_K2_c1_corr,17782795,19952623,7.599283,-50.861265,1.610244e+08,2169829,0
feedback_a0.750_K2_c1_corr,19952624,22387211,7.927079,-44.990305,1.605980e+08,2434588,0
feedback_a0.750_K2_c1_corr,22387212,25118864,9.439348,-37.291292,1.943938e+08,2731653,0
feedback_a0.750_K2_c1_corr,25118865,28183829,9.315128,-42.823069,2.271732e+08,3064965,0
feedback_a0.750_K2_c1_corr,28183830,31622776,9.181755,-35.387621,2.099763e+08,3438947,0
feedback_a0.750_K2_c1_corr,31622777,35481338,9.016364,-72.249319,5.170339e+08,3858562,0
feedback_a0.750_K2_c1_corr,35481339,39810717,10.290850,-40.465486,2.562495e+08,4329379,0
feedback_a0.750_K2_c1_corr,39810718,44668359,10.417608,-63.680586,5.984748e+08,4857642,0
feedback_a0.750_K2_c1_corr,44668360,50118723,9.437651,-57.518284,6.966884e+08,5450364,0
feedback_a0.750_K2_c1_corr,50118724,56234132,9.374371,-60.518434,7.256186e+08,6115409,0
feedback_a0.750_K2_c1_corr,56234133,63095734,9.643423,-84.467425,1.132707e+09,6861602,0
feedback_a0.750_K2_c1_corr,63095735,70794578,12.752027,-39.560480,5.106687e+08,7698844,0
feedback_a0.750_K2_c1_corr,70794579,79432823,9.579136,-57.743668,1.136752e+09,8638245,0
feedback_a0.750_K2_c1_corr,79432824,89125093,8.612617,-77.258357,1.838165e+09,9692270,0
feedback_a0.750_K2_c1_corr,89125094,99999999,9.394854,-65.674905,1.852109e+09,10874906,0
feedback_a0.750_K2_c1_corr,100000000,112201845,10.833819,-69.009558,1.862811e+09,12201846,0
feedback_a0.750_K2_c1_corr,112201846,125892541,10.868774,-70.674643,2.703832e+09,13690696,0
feedback_a0.750_K2_c1_corr,125892542,141253754,10.003191,-66.642366,2.801444e+09,15361213,0
feedback_a0.750_K2_c1_corr,141253755,158489319,8.355472,-69.788901,3.188854e+09,17235565,0
feedback_a0.750_K2_c1_corr,158489320,177827941,10.343731,-73.411828,3.721452e+09,19338622,0
feedback_a0.750_K2_c1_corr,177827942,199526231,10.026617,-62.281482,4.467562e+09,21698290,0
feedback_a0.750_K2_c1_corr,199526232,223872113,7.897589,-72.364092,5.353916e+09,24345882,0
feedback_a0.750_K2_c1_corr,223872114,251188643,8.031266,-122.978802,9.433778e+09,27316530,0
feedback_a0.750_K2_c1_corr,251188644,281838293,6.726335,-76.445857,8.565869e+09,30649650,0
feedback_a0.750_K2_c1_corr,281838294,316227766,6.728631,-112.671612,1.117971e+10,34389473,0
feedback_a0.750_K2_c1_corr,316227767,354813389,5.049269,-88.694321,1.707911e+10,38585623,0
feedback_a0.750_K2_c1_corr,354813390,398107170,6.553077,-80.200358,1.358051e+10,43293781,0
feedback_a0.750_K2_c1_corr,398107171,446683592,5.436771,-102.525901,2.203103e+10,48576422,0
feedback_a0.750_K2_c1_corr,446683593,501187233,1.541912,-110.126504,3.335897e+10,54503641,0
feedback_a0.750_K2_c1_corr,501187234,562341325,2.109572,-110.550679,4.523931e+10,61154092,0
feedback_a0.750_K2_c1_corr,562341326,630957344,2.937244,-131.160766,4.063924e+10,68616019,0
feedback_a0.750_K2_c1_corr,630957345,707945784,-0.669512,-119.248363,7.066165e+10,76988440,0
feedback_a0.750_K2_c1_corr,707945785,794328234,-7.042731,-157.558964,1.206809e+11,86382450,0
feedback_a0.750_K2_c1_corr,794328235,891250938,-7.709672,-118.287656,1.239591e+11,96922704,0
feedback_a0.750_K2_c1_corr,891250939,999999999,-6.407947,-176.982887,1.474352e+11,108749061,0
feedback_a0.750_K2_c1_corr,1000000000,1000000000,-14.955860,-15.102385,2.258745e+02,1,0
