# run=feedback_a0.750_K0.5_c1 alpha=0.7500 X=1000000000 Y=4000000000 K=0.5 c=1 nR(Y)=1026887 nR(X)=390058 D(X)=1185.039 max|D|/p^(a/2)=0.500 forced=7829081 logrho_Y=-1.868753324489 tail=-0.000620899684 rho=0.154220138860
feedback_a0.750_K0.5_c1,1,1,0.845780,0.691560,5.908532e-01,1,0
feedback_a0.750_K0.5_c1,2,2,0.691560,0.537340,3.775484e-01,1,0
feedback_a0.750_K0.5_c1,3,3,0.537340,0.383119,2.118112e-01,1,0
feedback_a0.750_K0.5_c1,4,4,0.383119,0.228899,9.364174e-02,1,0
feedback_a0.750_K0.5_c1,5,5,0.228899,0.074679,2.303997e-02,1,0
feedback_a0.750_K0.5_c1,6,6,0.074679,-0.079541,5.909287e-06,1,0
feedback_a0.750_K0.5_c1,7,7,0.920459,0.766239,7.112375e-01,1,0
feedback_a0.750_K0.5_c1,8,8,0.766239,0.612019,4.748985e-01,1,0
feedback_a0.750_K0.5_c1,9,9,0.612019,0.457799,2.861273e-01,1,0
feedback_a0.750_K0.5_c1,10,11,0.457799,0.149358,1.962117e-01,2,0
feedback_a0.750_K0.5_c1,12,12,0.149358,-0.004862,5.219812e-03,1,0
feedback_a0.750_K0.5_c1,13,14,-0.004862,-0.313302,6.250606e-02,2,0
feedback_a0.750_K0.5_c1,15,15,-0.313302,-0.467522,1.524216e-01,1,0
feedback_a0.750_K0.5_c1,16,17,0.378258,-0.621742,3.873142e-01,2,0
feedback_a0.750_K0.5_c1,18,19,0.224038,-0.084403,2.164085e-02,2,0
feedback_a0.750_K0.5_c1,20,22,-0.084403,-0.547063,3.466297e-01,3,0
feedback_a0.750_K0.5_c1,23,25,-0.547063,-1.009724,1.865257e+00,3,0
feedback_a0.750_K0.5_c1,26,28,-1.009724,-1.472384,4.668211e+00,3,0
feedback_a0.750_K0.5_c1,29,31,0.219176,-0.780824,8.173401e-01,3,0
feedback_a0.750_K0.5_c1,32,35,0.064956,-0.551925,3.560585e-01,4,0
feedback_a0.750_K0.5_c1,36,39,0.293855,-0.706145,4.549808e-01,4,0
feedback_a0.750_K0.5_c1,40,44,0.368534,-0.631466,6.316464e-01,5,0
feedback_a0.750_K0.5_c1,45,50,0.443213,-0.556787,5.445491e-01,6,0
feedback_a0.750_K0.5_c1,51,56,0.134773,-0.790548,1.061279e+00,6,0
feedback_a0.750_K0.5_c1,57,63,-0.098988,-1.098988,3.208792e+00,7,0
feedback_a0.750_K0.5_c1,64,70,-0.332749,-1.332749,5.450355e+00,7,0
feedback_a0.750_K0.5_c1,71,79,0.050370,-1.183391,3.634255e+00,9,0
feedback_a0.750_K0.5_c1,80,89,0.274408,-0.800272,1.888593e+00,10,0
feedback_a0.750_K0.5_c1,90,99,0.120188,-0.959353,2.054945e+00,10,0
feedback_a0.750_K0.5_c1,100,112,0.423766,-0.809995,1.721419e+00,13,0
feedback_a0.750_K0.5_c1,113,125,-0.352197,-1.431737,1.139905e+01,13,0
feedback_a0.750_K0.5_c1,126,141,-0.128159,-1.585958,1.022620e+01,16,0
feedback_a0.750_K0.5_c1,142,158,-0.212562,-1.978801,2.181225e+01,17,0
feedback_a0.750_K0.5_c1,159,177,0.319916,-1.137883,4.745787e+00,19,0
feedback_a0.750_K0.5_c1,178,199,0.394595,-1.456047,8.597086e+00,22,0
feedback_a0.750_K0.5_c1,200,223,0.693312,-0.540449,2.256296e+00,24,0
feedback_a0.750_K0.5_c1,224,251,0.454689,-1.709255,1.469340e+01,28,0
feedback_a0.750_K0.5_c1,252,281,0.514783,-1.634576,1.146034e+01,30,0
feedback_a0.750_K0.5_c1,282,316,0.037537,-1.569620,2.587928e+01,35,0
feedback_a0.750_K0.5_c1,317,354,0.177172,-2.046866,5.311541e+01,38,0
feedback_a0.750_K0.5_c1,355,398,0.008366,-1.598791,3.550423e+01,44,0
feedback_a0.750_K0.5_c1,399,446,0.381762,-1.468880,1.522831e+01,48,0
feedback_a0.750_K0.5_c1,447,501,1.352591,-1.478603,2.518230e+01,55,0
feedback_a0.750_K0.5_c1,502,562,0.581490,-2.433095,1.319491e+02,61,0
feedback_a0.750_K0.5_c1,563,630,0.622137,-1.751259,2.246436e+01,68,0
feedback_a0.750_K0.5_c1,631,707,0.368928,-2.108317,8.082830e+01,77,0
feedback_a0.750_K0.5_c1,708,794,0.414437,-2.605010,1.121729e+02,87,0
feedback_a0.750_K0.5_c1,795,891,0.898297,-3.764092,3.187159e+02,97,0
feedback_a0.750_K0.5_c1,892,999,0.794447,-1.504270,2.939018e+01,108,0
feedback_a0.750_K0.5_c1,1000,1122,1.148395,-1.637291,4.006933e+01,123,0
feedback_a0.750_K0.5_c1,1123,1258,0.762166,-1.656738,5.163622e+01,136,0
feedback_a0.750_K0.5_c1,1259,1412,0.359599,-2.939117,2.378888e+02,154,0
feedback_a0.750_K0.5_c1,1413,1584,0.337042,-2.146817,1.558699e+02,172,0
feedback_a0.750_K0.5_c1,1585,1778,0.466954,-3.094695,3.638932e+02,194,0
feedback_a0.750_K0.5_c1,1779,1995,0.603479,-4.435416,9.779972e+02,217,0
feedback_a0.750_K0.5_c1,1996,2238,0.580922,-3.977617,7.535308e+02,243,0
feedback_a0.750_K0.5_c1,2239,2511,1.314880,-3.400989,2.625179e+02,273,0
feedback_a0.750_K0.5_c1,2512,2818,0.957822,-4.331171,5.535380e+02,307,0
feedback_a0.750_K0.5_c1,2819,3162,1.081513,-5.489859,1.472283e+03,344,0
feedback_a0.750_K0.5_c1,3163,3548,0.347949,-4.574262,1.880742e+03,386,0
feedback_a0.750_K0.5_c1,3549,3981,1.503922,-3.031666,5.664596e+02,433,0
feedback_a0.750_K0.5_c1,3982,4466,1.786695,-3.891637,1.497716e+03,485,0
feedback_a0.750_K0.5_c1,4467,5011,1.468926,-4.216020,1.615892e+03,545,0
feedback_a0.750_K0.5_c1,5012,5623,1.372084,-4.858567,1.522984e+03,612,0
feedback_a0.750_K0.5_c1,5624,6309,1.288076,-3.046426,9.250551e+02,686,0
feedback_a0.750_K0.5_c1,6310,7079,0.876180,-3.331520,1.182625e+03,770,0
feedback_a0.750_K0.5_c1,7080,7943,1.061718,-5.464541,5.091656e+03,864,0
feedback_a0.750_K0.5_c1,7944,8912,1.146909,-5.408520,5.604887e+03,969,0
feedback_a0.750_K0.5_c1,8913,9999,2.471687,-3.661334,2.052121e+03,1087,0
feedback_a0.750_K0.5_c1,10000,11220,1.219662,-5.410446,5.028650e+03,1221,0
feedback_a0.750_K0.5_c1,11221,12589,2.307964,-4.032757,2.445044e+03,1369,0
feedback_a0.750_K0.5_c1,12590,14125,1.286196,-5.532166,4.553866e+03,1536,0
feedback_a0.750_K0.5_c1,14126,15848,1.546412,-5.157192,5.652016e+03,1723,0
feedback_a0.750_K0.5_c1,15849,17782,1.158651,-5.952207,1.197216e+04,1934,0
feedback_a0.750_K0.5_c1,17783,19952,0.201839,-11.479603,5.379103e+04,2170,0
feedback_a0.750_K0.5_c1,19953,22387,2.583426,-6.019832,6.224314e+03,2435,0
feedback_a0.750_K0.5_c1,22388,25118,2.773651,-4.048608,4.238756e+03,2731,0
feedback_a0.750_K0.5_c1,25119,28183,2.352426,-7.064900,1.186298e+04,3065,0
feedback_a0.750_K0.5_c1,28184,31622,1.963134,-4.957546,1.188233e+04,3439,0
feedback_a0.750_K0.5_c1,31623,35481,1.710714,-7.885536,2.491385e+04,3859,0
feedback_a0.750_K0.5_c1,35482,39810,1.811500,-10.332427,7.540138e+04,4329,0
feedback_a0.750_K0.5_c1,39811,44668,1.570777,-7.732233,3.785631e+04,4858,0
feedback_a0.750_K0.5_c1,44669,50118,3.438985,-7.712345,4.083205e+04,5450,0
feedback_a0.750_K0.5_c1,50119,56234,4.706256,-7.372716,2.743461e+04,6116,0
feedback_a0.750_K0.5_c1,56235,63095,4.323531,-11.222128,6.020995e+04,6861,0
feedback_a0.750_K0.5_c1,63096,70794,1.391689,-8.817195,8.205926e+04,7699,0
feedback_a0.750_K0.5_c1,70795,79432,2.193364,-10.867299,1.293634e+05,8638,0
feedback_a0.750_K0.5_c1,79433,89125,2.308653,-8.987789,1.273647e+05,9693,0
feedback_a0.750_K0.5_c1,89126,99999,2.778148,-11.376990,1.586877e+05,10874,0
feedback_a0.750_K0.5_c1,100000,112201,4.113970,-11.436817,2.166329e+05,12202,0
feedback_a0.750_K0.5_c1,112202,125892,5.851919,-6.593835,4.820990e+04,13691,0
feedback_a0.750_K0.5_c1,125893,141253,5.302453,-10.254600,1.176078e+05,15361,0
feedback_a0.750_K0.5_c1,141254,158489,1.552295,-21.555105,1.050889e+06,17236,0
feedback_a0.750_K0.5_c1,158490,177827,2.196650,-16.480682,7.535897e+05,19338,0
feedback_a0.750_K0.5_c1,177828,199526,2.380702,-14.315545,3.908174e+05,21699,0
feedback_a0.750_K0.5_c1,199527,223872,4.836502,-12.378299,3.858299e+05,24346,0
feedback_a0.750_K0.5_c1,223873,251188,6.318270,-14.426338,4.084292e+05,27316,0
feedback_a0.750_K0.5_c1,251189,281838,5.409287,-10.919297,3.061698e+05,30650,0
feedback_a0.750_K0.5_c1,281839,316227,7.826725,-11.996462,4.193578e+05,34389,0
feedback_a0.750_K0.5_c1,316228,354813,5.809342,-21.855579,1.531508e+06,38586,0
feedback_a0.750_K0.5_c1,354814,398107,0.073614,-19.839406,3.266706e+06,43294,0
feedback_a0.750_K0.5_c1,398108,446683,4.924275,-22.990717,2.938189e+06,48576,0
feedback_a0.750_K0.5_c1,446684,501187,8.925873,-17.081320,1.346104e+06,54504,0
feedback_a0.750_K0.5_c1,501188,562341,7.607307,-18.120011,1.779898e+06,61154,0
feedback_a0.750_K0.5_c1,562342,630957,9.230104,-20.200733,1.761456e+06,68616,0
feedback_a0.750_K0.5_c1,630958,707945,10.213852,-20.588356,2.455717e+06,76988,0
feedback_a0.750_K0.5_c1,707946,794328,4.407015,-21.512409,3.071134e+06,86383,0
feedback_a0.750_K0.5_c1,794329,891250,2.429545,-22.578371,6.908155e+06,96922,0
feedback_a0.750_K0.5_c1,891251,999999,2.539646,-25.721399,1.654154e+07,108749,0
feedback_a0.750_K0.5_c1,1000000,1122018,14.460318,-20.364164,4.661312e+06,122019,0
feedback_a0.750_K0.5_c1,1122019,1258925,13.843338,-16.284444,2.908706e+06,136907,0
feedback_a0.750_K0.5_c1,1258926,1412537,11.244687,-17.863134,3.678320e+06,153612,0
feedback_a0.750_K0.5_c1,1412538,1584893,8.816999,-25.493506,1.761275e+07,172356,0
feedback_a0.750_K0.5_c1,1584894,1778279,6.998386,-33.707895,1.547542e+07,193386,0
feedback_a0.750_K0.5_c1,1778280,1995262,7.950615,-25.214491,1.088092e+07,216983,0
feedback_a0.750_K0.5_c1,1995263,2238721,0.489849,-33.072661,5.048116e+07,243459,0
feedback_a0.750_K0.5_c1,2238722,2511886,21.768175,-30.977044,2.265124e+07,273165,0
feedback_a0.750_K0.5_c1,2511887,2818382,20.277002,-11.659771,2.355829e+07,306496,0
feedback_a0.750_K0.5_c1,2818383,3162277,19.850044,-15.881042,2.041146e+07,343895,0
feedback_a0.750_K0.5_c1,3162278,3548133,9.968912,-49.318622,9.215967e+07,385856,0
feedback_a0.750_K0.5_c1,3548134,3981071,8.716352,-47.533320,9.937016e+07,432938,0
feedback_a0.750_K0.5_c1,3981072,4466835,13.714985,-38.881183,1.039993e+08,485764,0
feedback_a0.750_K0.5_c1,4466836,5011872,14.554499,-41.757813,9.227518e+07,545037,0
feedback_a0.750_K0.5_c1,5011873,5623413,5.286928,-29.449455,6.939959e+07,611541,0
feedback_a0.750_K0.5_c1,5623414,6309573,32.072699,-38.705988,1.346128e+08,686160,0
feedback_a0.750_K0.5_c1,6309574,7079457,33.356883,-15.889283,1.857556e+08,769884,0
feedback_a0.750_K0.5_c1,7079458,7943282,8.409485,-43.109881,2.280793e+08,863825,0
feedback_a0.750_K0.5_c1,7943283,8912509,39.787340,-57.374841,4.937148e+08,969227,0
feedback_a0.750_K0.5_c1,8912510,9999999,56.855885,-60.003614,7.712501e+08,1087490,0
feedback_a0.750_K0.5_c1,10000000,11220184,29.445076,-67.970264,2.241499e+08,1220185,0
feedback_a0.750_K0.5_c1,11220185,12589254,26.026558,-37.383225,1.764002e+08,1369070,0
feedback_a0.750_K0.5_c1,12589255,14125375,30.069833,-43.822273,2.061451e+08,1536121,0
feedback_a0.750_K0.5_c1,14125376,15848931,37.204804,-48.009287,5.260205e+08,1723556,0
feedback_a0.750_K0.5_c1,15848932,17782794,98.701572,-39.628503,1.215875e+09,1933863,0
feedback_a0.750_K0.5_c1,17782795,19952623,18.226806,-58.167990,1.690558e+09,2169829,0
feedback_a0.750_K0.5_c1,19952624,22387211,40.252219,-84.944548,2.215717e+09,2434588,0
feedback_a0.750_K0.5_c1,22387212,25118864,34.035920,-45.878111,4.301159e+08,2731653,0
feedback_a0.750_K0.5_c1,25118865,28183829,61.343015,-32.091719,3.195781e+09,3064965,0
feedback_a0.750_K0.5_c1,28183830,31622776,57.416863,-67.432527,2.281100e+09,3438947,0
feedback_a0.750_K0.5_c1,31622777,35481338,35.879923,-93.421446,3.101907e+09,3858562,0
feedback_a0.750_K0.5_c1,35481339,39810717,52.644293,-68.577586,2.428013e+09,4329379,0
feedback_a0.750_K0.5_c1,39810718,44668359,63.006370,-115.910476,6.454476e+09,4857642,0
feedback_a0.750_K0.5_c1,44668360,50118723,164.966793,-94.513065,1.597462e+10,5450364,0
feedback_a0.750_K0.5_c1,50118724,56234132,54.727501,-98.653356,4.479250e+09,6115409,0
feedback_a0.750_K0.5_c1,56234133,63095734,88.059966,-34.781619,1.185889e+10,6861602,0
feedback_a0.750_K0.5_c1,63095735,70794578,96.009165,-59.584977,1.569271e+10,7698844,0
feedback_a0.750_K0.5_c1,70794579,79432823,47.041612,-99.047786,1.037914e+10,8638245,0
feedback_a0.750_K0.5_c1,79432824,89125093,123.125696,-98.321159,1.061486e+10,9692270,0
feedback_a0.750_K0.5_c1,89125094,99999999,39.421907,-94.642032,8.194078e+09,10874906,0
feedback_a0.750_K0.5_c1,100000000,112201845,197.366371,-112.420561,4.227691e+10,12201846,0
feedback_a0.750_K0.5_c1,112201846,125892541,180.438165,-113.340326,4.368954e+10,13690696,0
feedback_a0.750_K0.5_c1,125892542,141253754,118.280927,-53.206255,6.183514e+10,15361213,0
feedback_a0.750_K0.5_c1,141253755,158489319,134.531327,-21.548950,1.164431e+11,17235565,0
feedback_a0.750_K0.5_c1,158489320,177827941,118.397521,-98.100536,5.371623e+10,19338622,0
feedback_a0.750_K0.5_c1,177827942,199526231,491.657841,-108.790803,9.922266e+11,21698290,0
feedback_a0.750_K0.5_c1,199526232,223872113,104.069990,-132.352940,4.564789e+10,24345882,0
feedback_a0.750_K0.5_c1,223872114,251188643,125.630260,-118.563067,5.062723e+10,27316530,0
feedback_a0.750_K0.5_c1,251188644,281838293,119.175780,-136.545575,5.694518e+10,30649650,0
feedback_a0.750_K0.5_c1,281838294,316227766,158.388906,-38.267408,2.625267e+11,34389473,0
feedback_a0.750_K0.5_c1,316227767,354813389,197.847762,-436.328881,6.150268e+11,38585623,0
feedback_a0.750_K0.5_c1,354813390,398107170,209.165127,-119.656165,3.986451e+11,43293781,0
feedback_a0.750_K0.5_c1,398107171,446683592,805.193402,-133.000849,2.935361e+12,48576422,0
feedback_a0.750_K0.5_c1,446683593,501187233,842.786389,-120.751125,9.945390e+12,54503641,0
feedback_a0.750_K0.5_c1,501187234,562341325,400.230822,-131.417517,1.184082e+12,61154092,0
feedback_a0.750_K0.5_c1,562341326,630957344,258.950968,-51.393123,1.425824e+12,68616019,0
feedback_a0.750_K0.5_c1,630957345,707945784,277.887031,-86.159285,1.780476e+12,76988440,0
feedback_a0.750_K0.5_c1,707945785,794328234,323.562612,-76.799992,4.514173e+12,86382450,0
feedback_a0.750_K0.5_c1,794328235,891250938,415.436668,-85.078316,1.782914e+12,96922704,0
feedback_a0.750_K0.5_c1,891250939,999999999,440.978713,-111.105601,1.898828e+12,108749061,0
feedback_a0.750_K0.5_c1,1000000000,1000000000,334.139576,333.985356,1.115977e+05,1,0
