# run=feedback_a0.600_K2_c1_corr alpha=0.6000 X=1000000000 Y=4000000000 K=2 c=1 nR(Y)=48409 nR(X)=23151 D(X)=965.193 max|D|/p^(a/2)=2.000 forced=38155998 logrho_Y=-1.829269159076 tail=-0.000014786031 rho=0.160528473830
feedback_a0.600_K2_c1_corr,1,1,0.839472,0.678943,5.763957e-01,1,0
feedback_a0.600_K2_c1_corr,2,2,0.678943,0.518415,3.584163e-01,1,0
feedback_a0.600_K2_c1_corr,3,3,0.518415,0.357886,1.919757e-01,1,0
feedback_a0.600_K2_c1_corr,4,4,0.357886,0.197358,7.707390e-02,1,0
feedback_a0.600_K2_c1_corr,5,5,0.197358,0.036829,1.371086e-02,1,0
feedback_a0.600_K2_c1_corr,6,6,0.036829,-0.123699,1.886606e-03,1,0
feedback_a0.600_K2_c1_corr,7,7,-0.123699,-0.284228,4.160113e-02,1,0
feedback_a0.600_K2_c1_corr,8,8,-0.284228,-0.444756,1.328544e-01,1,0
feedback_a0.600_K2_c1_corr,9,9,-0.444756,-0.605285,2.756465e-01,1,0
feedback_a0.600_K2_c1_corr,10,11,0.234187,-0.765813,4.936695e-01,2,0
feedback_a0.600_K2_c1_corr,12,12,0.073658,-0.086870,4.363822e-05,1,0
feedback_a0.600_K2_c1_corr,13,14,-0.086870,-0.407927,1.352969e-01,2,0
feedback_a0.600_K2_c1_corr,15,15,-0.407927,-0.568456,2.383308e-01,1,0
feedback_a0.600_K2_c1_corr,16,17,0.271016,-0.728984,4.572236e-01,2,0
feedback_a0.600_K2_c1_corr,18,19,0.110487,-0.210569,1.789290e-02,2,0
feedback_a0.600_K2_c1_corr,20,22,-0.210569,-0.692155,6.627223e-01,3,0
feedback_a0.600_K2_c1_corr,23,25,-0.692155,-1.173740,2.662713e+00,3,0
feedback_a0.600_K2_c1_corr,26,28,-1.173740,-1.655326,6.054250e+00,3,0
feedback_a0.600_K2_c1_corr,29,31,0.023617,-0.976383,1.347330e+00,3,0
feedback_a0.600_K2_c1_corr,32,35,-0.136911,-0.779025,9.677861e-01,4,0
feedback_a0.600_K2_c1_corr,36,39,0.060446,-0.939554,8.874912e-01,4,0
feedback_a0.600_K2_c1_corr,40,44,0.418333,-0.581667,4.181023e-01,5,0
feedback_a0.600_K2_c1_corr,45,50,-0.223781,-1.186952,3.436218e+00,6,0
feedback_a0.600_K2_c1_corr,51,56,-0.508009,-1.508009,6.522542e+00,6,0
feedback_a0.600_K2_c1_corr,57,63,0.207763,-1.471180,4.314307e+00,7,0
feedback_a0.600_K2_c1_corr,64,70,0.244592,-0.755408,9.982590e-01,7,0
feedback_a0.600_K2_c1_corr,71,79,-0.397522,-1.681749,1.030972e+01,9,0
feedback_a0.600_K2_c1_corr,80,89,-0.287034,-1.323863,8.049023e+00,10,0
feedback_a0.600_K2_c1_corr,90,99,-0.447563,-1.571262,9.883772e+00,10,0
feedback_a0.600_K2_c1_corr,100,112,0.465567,-1.213376,4.838607e+00,13,0
feedback_a0.600_K2_c1_corr,113,125,-0.139718,-1.423945,9.635416e+00,13,0
feedback_a0.600_K2_c1_corr,126,141,0.007599,-1.387116,6.892084e+00,16,0
feedback_a0.600_K2_c1_corr,142,158,-0.202970,-1.918743,1.980268e+01,17,0
feedback_a0.600_K2_c1_corr,159,177,0.228574,-1.166141,5.425723e+00,19,0
feedback_a0.600_K2_c1_corr,178,199,0.265403,-1.105695,7.391094e+00,22,0
feedback_a0.600_K2_c1_corr,200,223,-1.105695,-3.797850,1.547279e+02,24,0
feedback_a0.600_K2_c1_corr,224,251,-0.687362,-3.439964,1.144140e+02,28,0
feedback_a0.600_K2_c1_corr,252,281,-0.108501,-2.255818,6.635177e+01,30,0
feedback_a0.600_K2_c1_corr,282,316,-0.034843,-2.282241,4.656483e+01,35,0
feedback_a0.600_K2_c1_corr,317,354,0.791417,-1.134925,1.040296e+01,38,0
feedback_a0.600_K2_c1_corr,355,398,-0.445576,-1.913950,6.836120e+01,44,0
feedback_a0.600_K2_c1_corr,399,446,-0.114114,-2.261431,7.056514e+01,48,0
feedback_a0.600_K2_c1_corr,447,501,0.601658,-3.177367,1.617623e+02,55,0
feedback_a0.600_K2_c1_corr,502,562,-0.598506,-3.414360,2.640696e+02,61,0
feedback_a0.600_K2_c1_corr,563,630,-0.046068,-3.340702,2.028667e+02,68,0
feedback_a0.600_K2_c1_corr,631,707,0.817020,-2.714606,1.250164e+02,77,0
feedback_a0.600_K2_c1_corr,708,794,-0.630542,-3.620137,3.751806e+02,87,0
feedback_a0.600_K2_c1_corr,795,891,-0.388756,-4.867535,8.861844e+02,97,0
feedback_a0.600_K2_c1_corr,892,999,0.437503,-2.415180,1.963307e+02,108,0
feedback_a0.600_K2_c1_corr,1000,1122,0.026770,-2.504857,2.444979e+02,123,0
feedback_a0.600_K2_c1_corr,1123,1258,-0.841932,-3.721039,7.395754e+02,136,0
feedback_a0.600_K2_c1_corr,1259,1412,-0.847544,-6.258278,2.134042e+03,154,0
feedback_a0.600_K2_c1_corr,1413,1584,-0.521695,-6.432018,1.713488e+03,172,0
feedback_a0.600_K2_c1_corr,1585,1778,0.630415,-3.774706,6.432610e+02,194,0
feedback_a0.600_K2_c1_corr,1779,1995,0.172446,-3.743490,9.225914e+02,217,0
feedback_a0.600_K2_c1_corr,1996,2238,-1.343982,-6.102196,2.915575e+03,243,0
feedback_a0.600_K2_c1_corr,2239,2511,-0.776346,-5.918050,3.225207e+03,273,0
feedback_a0.600_K2_c1_corr,2512,2818,0.433403,-4.918870,1.970881e+03,307,0
feedback_a0.600_K2_c1_corr,2819,3162,0.806487,-5.751563,8.965555e+02,344,0
feedback_a0.600_K2_c1_corr,3163,3548,-1.162296,-5.946934,4.713643e+03,386,0
feedback_a0.600_K2_c1_corr,3549,3981,0.578260,-4.852465,1.935765e+03,433,0
feedback_a0.600_K2_c1_corr,3982,4466,3.493376,-2.979791,8.523539e+02,485,0
feedback_a0.600_K2_c1_corr,4467,5011,2.591818,-3.986223,1.294887e+03,545,0
feedback_a0.600_K2_c1_corr,5012,5623,3.665476,-4.345750,1.885915e+03,612,0
feedback_a0.600_K2_c1_corr,5624,6309,3.569367,-4.926251,3.644054e+03,686,0
feedback_a0.600_K2_c1_corr,6310,7079,4.397959,-5.016747,3.095413e+03,770,0
feedback_a0.600_K2_c1_corr,7080,7943,4.666168,-6.455545,5.399515e+03,864,0
feedback_a0.600_K2_c1_corr,7944,8912,-1.361895,-6.915973,1.409215e+04,969,0
feedback_a0.600_K2_c1_corr,8913,9999,8.670833,-3.595736,1.829899e+04,1087,0
feedback_a0.600_K2_c1_corr,10000,11220,12.406597,3.636337,7.383698e+04,1221,0
feedback_a0.600_K2_c1_corr,11221,12589,3.709995,-6.402952,7.438794e+03,1369,0
feedback_a0.600_K2_c1_corr,12590,14125,3.127034,-4.942652,3.902172e+03,1536,0
feedback_a0.600_K2_c1_corr,14126,15848,5.994788,-5.823399,1.145865e+04,1723,0
feedback_a0.600_K2_c1_corr,15849,17782,9.692902,1.128419,6.337934e+04,1934,0
feedback_a0.600_K2_c1_corr,17783,19952,10.531079,-6.597887,7.005745e+04,2170,0
feedback_a0.600_K2_c1_corr,19953,22387,2.349138,-7.628411,3.545957e+04,2435,0
feedback_a0.600_K2_c1_corr,22388,25118,11.003170,-2.625258,4.901473e+04,2731,0
feedback_a0.600_K2_c1_corr,25119,28183,16.950195,-0.846361,2.348457e+05,3065,0
feedback_a0.600_K2_c1_corr,28184,31622,10.046997,-1.412739,7.001223e+04,3439,0
feedback_a0.600_K2_c1_corr,31623,35481,8.482259,-2.123718,3.454655e+04,3859,0
feedback_a0.600_K2_c1_corr,35482,39810,9.263489,-2.140940,5.609029e+04,4329,0
feedback_a0.600_K2_c1_corr,39811,44668,12.850860,-0.769495,2.507040e+05,4858,0
feedback_a0.600_K2_c1_corr,44669,50118,12.814723,-5.971682,1.094926e+05,5450,0
feedback_a0.600_K2_c1_corr,50119,56234,10.329256,-4.188120,1.101466e+05,6116,0
feedback_a0.600_K2_c1_corr,56235,63095,21.162258,-2.062562,8.146118e+05,6861,0
feedback_a0.600_K2_c1_corr,63096,70794,11.302887,-3.548412,1.751732e+05,7699,0
feedback_a0.600_K2_c1_corr,70795,79432,14.338258,-3.997615,4.239094e+05,8638,0
feedback_a0.600_K2_c1_corr,79433,89125,14.224927,-2.589852,4.665793e+05,9693,0
feedback_a0.600_K2_c1_corr,89126,99999,17.693610,-3.167583,8.949392e+05,10874,0
feedback_a0.600_K2_c1_corr,100000,112201,23.671724,2.865765,2.681670e+06,12202,0
feedback_a0.600_K2_c1_corr,112202,125892,13.145892,-3.941707,2.762163e+05,13691,0
feedback_a0.600_K2_c1_corr,125893,141253,13.966903,-7.536969,3.612865e+05,15361,0
feedback_a0.600_K2_c1_corr,141254,158489,26.280069,6.993636,4.900843e+06,17236,0
feedback_a0.600_K2_c1_corr,158490,177827,24.562146,-0.671513,3.212104e+06,19338,0
feedback_a0.600_K2_c1_corr,177828,199526,15.344177,-4.864934,8.339747e+05,21699,0
feedback_a0.600_K2_c1_corr,199527,223872,14.334136,-8.317436,7.321004e+05,24346,0
feedback_a0.600_K2_c1_corr,223873,251188,19.294463,0.541479,3.706565e+06,27316,0
feedback_a0.600_K2_c1_corr,251189,281838,32.681833,8.203128,1.282912e+07,30650,0
feedback_a0.600_K2_c1_corr,281839,316227,34.797678,-13.779744,5.778782e+06,34389,0
feedback_a0.600_K2_c1_corr,316228,354813,18.761322,-4.260108,2.519354e+06,38586,0
feedback_a0.600_K2_c1_corr,354814,398107,28.205074,3.505521,1.474534e+07,43294,0
feedback_a0.600_K2_c1_corr,398108,446683,28.251416,-1.812293,9.698446e+06,48576,0
feedback_a0.600_K2_c1_corr,446684,501187,23.021564,-11.773789,4.526887e+06,54504,0
feedback_a0.600_K2_c1_corr,501188,562341,20.355723,-8.049088,5.168245e+06,61154,0
feedback_a0.600_K2_c1_corr,562342,630957,36.116321,2.896313,2.264204e+07,68616,0
feedback_a0.600_K2_c1_corr,630958,707945,41.705205,-4.895453,3.518321e+07,76988,0
feedback_a0.600_K2_c1_corr,707946,794328,17.941630,-15.568566,4.053126e+06,86383,0
feedback_a0.600_K2_c1_corr,794329,891250,35.537690,-8.092649,2.395147e+07,96922,0
feedback_a0.600_K2_c1_corr,891251,999999,55.607229,-1.553064,1.060807e+08,108749,0
feedback_a0.600_K2_c1_corr,1000000,1122018,37.193650,-2.561520,4.381500e+07,122019,0
feedback_a0.600_K2_c1_corr,1122019,1258925,29.812560,-20.724184,1.944979e+07,136907,0
feedback_a0.600_K2_c1_corr,1258926,1412537,24.979447,-13.357229,1.118356e+07,153612,0
feedback_a0.600_K2_c1_corr,1412538,1584893,57.445901,-1.947791,1.899799e+08,172356,0
feedback_a0.600_K2_c1_corr,1584894,1778279,47.704688,-10.654880,1.414996e+08,193386,0
feedback_a0.600_K2_c1_corr,1778280,1995262,13.873192,-35.297162,4.496961e+07,216983,0
feedback_a0.600_K2_c1_corr,1995263,2238721,46.368437,-28.754913,1.117473e+08,243459,0
feedback_a0.600_K2_c1_corr,2238722,2511886,61.967577,10.351498,3.587566e+08,273165,0
feedback_a0.600_K2_c1_corr,2511887,2818382,38.111420,-3.840921,1.356757e+08,306496,0
feedback_a0.600_K2_c1_corr,2818383,3162277,41.340386,-16.891307,7.599377e+07,343895,0
feedback_a0.600_K2_c1_corr,3162278,3548133,37.271308,-20.804715,9.833512e+07,385856,0
feedback_a0.600_K2_c1_corr,3548134,3981071,67.787834,-16.516596,3.972558e+08,432938,0
feedback_a0.600_K2_c1_corr,3981072,4466835,70.009118,-9.126566,5.905963e+08,485764,0
feedback_a0.600_K2_c1_corr,4466836,5011872,23.846299,-40.387145,1.308560e+08,545037,0
feedback_a0.600_K2_c1_corr,5011873,5623413,49.949179,-26.074412,2.341031e+08,611541,0
feedback_a0.600_K2_c1_corr,5623414,6309573,59.887846,-2.014704,9.192539e+08,686160,0
feedback_a0.600_K2_c1_corr,6309574,7079457,38.175546,-36.508013,1.538804e+08,769884,0
feedback_a0.600_K2_c1_corr,7079458,7943282,36.793654,-33.426576,1.090830e+08,863825,0
feedback_a0.600_K2_c1_corr,7943283,8912509,59.365986,-35.686833,5.376653e+08,969227,0
feedback_a0.600_K2_c1_corr,8912510,9999999,78.374107,11.781591,2.425507e+09,1087490,0
feedback_a0.600_K2_c1_corr,10000000,11220184,51.563711,-53.469226,8.635873e+08,1220185,0
feedback_a0.600_K2_c1_corr,11220185,12589254,7.823603,-58.447242,1.296320e+09,1369070,0
feedback_a0.600_K2_c1_corr,12589255,14125375,77.920569,-8.174236,2.040960e+09,1536121,0
feedback_a0.600_K2_c1_corr,14125376,15848931,71.015366,-14.795780,2.011162e+09,1723556,0
feedback_a0.600_K2_c1_corr,15848932,17782794,56.615018,-54.758239,9.964240e+08,1933863,0
feedback_a0.600_K2_c1_corr,17782795,19952623,22.072859,-60.575056,9.959303e+08,2169829,0
feedback_a0.600_K2_c1_corr,19952624,22387211,100.640631,-68.205936,3.480682e+09,2434588,0
feedback_a0.600_K2_c1_corr,22387212,25118864,100.154957,-8.511269,7.468016e+09,2731653,0
feedback_a0.600_K2_c1_corr,25118865,28183829,81.421250,-92.755349,6.415390e+09,3064965,0
feedback_a0.600_K2_c1_corr,28183830,31622776,-3.958513,-89.518432,7.002035e+09,3438947,0
feedback_a0.600_K2_c1_corr,31622777,35481338,93.549070,-25.568178,7.701133e+09,3858562,0
feedback_a0.600_K2_c1_corr,35481339,39810717,72.825704,-53.438161,2.918864e+09,4329379,0
feedback_a0.600_K2_c1_corr,39810718,44668359,60.538367,-77.161813,3.522520e+09,4857642,0
feedback_a0.600_K2_c1_corr,44668360,50118723,26.179342,-75.467068,4.801503e+09,5450364,0
feedback_a0.600_K2_c1_corr,50118724,56234132,56.764889,-78.040698,3.978235e+09,6115409,0
feedback_a0.600_K2_c1_corr,56234133,63095734,106.471834,-30.378100,1.651535e+10,6861602,0
feedback_a0.600_K2_c1_corr,63095735,70794578,46.520869,-134.787793,2.202939e+10,7698844,0
feedback_a0.600_K2_c1_corr,70794579,79432823,22.804769,-99.120623,1.694572e+10,8638245,0
feedback_a0.600_K2_c1_corr,79432824,89125093,111.602646,-64.221521,3.000499e+10,9692270,0
feedback_a0.600_K2_c1_corr,89125094,99999999,73.750756,-88.078578,9.343998e+09,10874906,0
feedback_a0.600_K2_c1_corr,100000000,112201845,32.141122,-115.197379,2.989875e+10,12201846,0
feedback_a0.600_K2_c1_corr,112201846,125892541,24.921204,-130.421607,4.266932e+10,13690696,0
feedback_a0.600_K2_c1_corr,125892542,141253754,113.443030,-132.920740,4.638756e+10,15361213,0
feedback_a0.600_K2_c1_corr,141253755,158489319,93.077427,-64.644832,3.026750e+10,17235565,0
feedback_a0.600_K2_c1_corr,158489320,177827941,17.045789,-148.056602,1.257954e+11,19338622,0
feedback_a0.600_K2_c1_corr,177827942,199526231,66.644016,-151.267052,1.057027e+11,21698290,0
feedback_a0.600_K2_c1_corr,199526232,223872113,106.362027,-84.654402,2.028778e+10,24345882,0
feedback_a0.600_K2_c1_corr,223872114,251188643,102.734845,-100.255705,3.957224e+10,27316530,0
feedback_a0.600_K2_c1_corr,251188644,281838293,29.191620,-143.308741,1.371888e+11,30649650,0
feedback_a0.600_K2_c1_corr,281838294,316227766,0.616342,-178.517271,3.237876e+11,34389473,0
feedback_a0.600_K2_c1_corr,316227767,354813389,137.412778,-148.077746,1.059081e+11,38585623,0
feedback_a0.600_K2_c1_corr,354813390,398107170,108.590410,-108.705611,7.793161e+10,43293781,0
feedback_a0.600_K2_c1_corr,398107171,446683592,56.034981,-211.954201,5.694839e+11,48576422,0
feedback_a0.600_K2_c1_corr,446683593,501187233,56.629370,-181.008169,3.109346e+11,54503641,0
feedback_a0.600_K2_c1_corr,501187234,562341325,91.303650,-144.933892,1.572119e+11,61154092,0
feedback_a0.600_K2_c1_corr,562341326,630957344,35.252732,-223.922469,8.139226e+11,68616019,0
feedback_a0.600_K2_c1_corr,630957345,707945784,-38.587454,-225.376358,1.413934e+12,76988440,0
feedback_a0.600_K2_c1_corr,707945785,794328234,-38.864034,-231.690444,1.829059e+12,86382450,0
feedback_a0.600_K2_c1_corr,794328235,891250938,146.213476,-182.410582,3.487231e+11,96922704,0
feedback_a0.600_K2_c1_corr,891250939,999999999,153.082132,-283.746031,2.079112e+12,108749061,0
feedback_a0.600_K2_c1_corr,1000000000,1000000000,-192.829885,-192.990413,3.721433e+04,1,0
