# run=feedback_a0.600_K0.5_c1_corr alpha=0.6000 X=1000000000 Y=4000000000 K=0.5 c=1 nR(Y)=47691 nR(X)=22433 D(X)=247.193 max|D|/p^(a/2)=0.500 forced=47103970 logrho_Y=-1.517282957620 tail=-0.000014786031 rho=0.219303701795
feedback_a0.600_K0.5_c1_corr,1,1,0.780696,0.561393,4.503007e-01,1,0
feedback_a0.600_K0.5_c1_corr,2,2,0.561393,0.342089,2.040697e-01,1,0
feedback_a0.600_K0.5_c1_corr,3,3,0.342089,0.122785,5.402698e-02,1,0
feedback_a0.600_K0.5_c1_corr,4,4,0.122785,-0.096519,1.724847e-04,1,0
feedback_a0.600_K0.5_c1_corr,5,5,0.903481,0.684178,6.301655e-01,1,0
feedback_a0.600_K0.5_c1_corr,6,6,0.684178,0.464874,3.300801e-01,1,0
feedback_a0.600_K0.5_c1_corr,7,7,0.464874,0.245570,1.261828e-01,1,0
feedback_a0.600_K0.5_c1_corr,8,8,0.245570,0.026267,1.847385e-02,1,0
feedback_a0.600_K0.5_c1_corr,9,9,0.026267,-0.193037,6.953086e-03,1,0
feedback_a0.600_K0.5_c1_corr,10,11,0.587659,-0.412341,3.201117e-01,2,0
feedback_a0.600_K0.5_c1_corr,12,12,0.368356,0.149052,6.692762e-02,1,0
feedback_a0.600_K0.5_c1_corr,13,14,0.149052,-0.289556,3.391769e-02,2,0
feedback_a0.600_K0.5_c1_corr,15,15,-0.289556,-0.508859,1.593665e-01,1,0
feedback_a0.600_K0.5_c1_corr,16,17,0.271837,-0.728163,4.088600e-01,2,0
feedback_a0.600_K0.5_c1_corr,18,19,0.833230,-0.166770,5.268274e-01,2,0
feedback_a0.600_K0.5_c1_corr,20,22,0.613926,-0.043985,3.398126e-01,3,0
feedback_a0.600_K0.5_c1_corr,23,25,0.517407,-0.482593,3.289537e-01,3,0
feedback_a0.600_K0.5_c1_corr,26,28,0.298104,-0.359807,9.904373e-02,3,0
feedback_a0.600_K0.5_c1_corr,29,31,1.201585,0.201585,1.570661e+00,3,0
feedback_a0.600_K0.5_c1_corr,32,35,0.982282,0.105067,1.422797e+00,4,0
feedback_a0.600_K0.5_c1_corr,36,39,0.105067,-0.772148,6.854681e-01,4,0
feedback_a0.600_K0.5_c1_corr,40,44,0.569941,-0.991452,1.160394e+00,5,0
feedback_a0.600_K0.5_c1_corr,45,50,0.131333,-1.184489,2.505351e+00,6,0
feedback_a0.600_K0.5_c1_corr,51,56,-0.061704,-1.623096,5.590613e+00,6,0
feedback_a0.600_K0.5_c1_corr,57,63,0.622474,-0.938918,1.488501e+00,7,0
feedback_a0.600_K0.5_c1_corr,64,70,0.306652,-0.693348,8.046533e-01,7,0
feedback_a0.600_K0.5_c1_corr,71,79,-0.009170,-1.324992,4.972373e+00,9,0
feedback_a0.600_K0.5_c1_corr,80,89,0.359185,-1.202207,3.422970e+00,10,0
feedback_a0.600_K0.5_c1_corr,90,99,-0.272459,-1.833852,1.216829e+01,10,0
feedback_a0.600_K0.5_c1_corr,100,112,1.095897,-1.149674,3.812680e+00,13,0
feedback_a0.600_K0.5_c1_corr,113,125,0.218682,-1.535748,9.800349e+00,13,0
feedback_a0.600_K0.5_c1_corr,126,141,0.516785,-1.044607,3.231949e+00,16,0
feedback_a0.600_K0.5_c1_corr,142,158,0.569319,-0.992074,3.119598e+00,17,0
feedback_a0.600_K0.5_c1_corr,159,177,0.376282,-1.036059,3.985426e+00,19,0
feedback_a0.600_K0.5_c1_corr,178,199,0.358563,-2.009792,2.771728e+01,22,0
feedback_a0.600_K0.5_c1_corr,200,223,0.849704,-0.957259,4.813665e+00,24,0
feedback_a0.600_K0.5_c1_corr,224,251,0.218060,-2.045229,2.210932e+01,28,0
feedback_a0.600_K0.5_c1_corr,252,281,0.252875,-2.676874,6.705500e+01,30,0
feedback_a0.600_K0.5_c1_corr,282,316,0.357941,-1.887629,2.418636e+01,35,0
feedback_a0.600_K0.5_c1_corr,317,354,0.585793,-1.589525,1.697829e+01,38,0
feedback_a0.600_K0.5_c1_corr,355,398,1.515541,-1.624962,2.287101e+01,44,0
feedback_a0.600_K0.5_c1_corr,399,446,0.059216,-2.011036,4.741854e+01,48,0
feedback_a0.600_K0.5_c1_corr,447,501,0.199097,-1.730651,3.731534e+01,55,0
feedback_a0.600_K0.5_c1_corr,502,562,0.426949,-1.643303,3.182637e+01,61,0
feedback_a0.600_K0.5_c1_corr,563,630,0.321260,-1.854058,5.504482e+01,68,0
feedback_a0.600_K0.5_c1_corr,631,707,1.268105,-1.573673,2.475487e+01,77,0
feedback_a0.600_K0.5_c1_corr,708,794,0.618742,-1.995184,5.816632e+01,87,0
feedback_a0.600_K0.5_c1_corr,795,891,0.565587,-2.416695,1.043020e+02,97,0
feedback_a0.600_K0.5_c1_corr,892,999,-0.224280,-3.048961,3.584540e+02,108,0
feedback_a0.600_K0.5_c1_corr,1000,1122,1.564343,-2.207805,1.000260e+02,123,0
feedback_a0.600_K0.5_c1_corr,1123,1258,1.213084,-1.524250,5.601431e+01,136,0
feedback_a0.600_K0.5_c1_corr,1259,1412,1.668166,-2.998916,2.115552e+02,154,0
feedback_a0.600_K0.5_c1_corr,1413,1584,-0.017256,-3.069168,4.176245e+02,172,0
feedback_a0.600_K0.5_c1_corr,1585,1778,1.051752,-2.789404,2.313055e+02,194,0
feedback_a0.600_K0.5_c1_corr,1779,1995,2.156196,-2.808989,2.406461e+02,217,0
feedback_a0.600_K0.5_c1_corr,1996,2238,1.768878,-3.739359,5.670976e+02,243,0
feedback_a0.600_K0.5_c1_corr,2239,2511,1.188523,-3.284277,4.946882e+02,273,0
feedback_a0.600_K0.5_c1_corr,2512,2818,0.556257,-4.847536,1.537513e+03,307,0
feedback_a0.600_K0.5_c1_corr,2819,3162,1.572109,-4.219001,1.246080e+03,344,0
feedback_a0.600_K0.5_c1_corr,3163,3548,2.077858,-3.534824,8.236269e+02,386,0
feedback_a0.600_K0.5_c1_corr,3549,3981,0.655103,-4.012600,1.109590e+03,433,0
feedback_a0.600_K0.5_c1_corr,3982,4466,1.703905,-3.487888,7.440656e+02,485,0
feedback_a0.600_K0.5_c1_corr,4467,5011,1.386839,-4.351117,1.695943e+03,545,0
feedback_a0.600_K0.5_c1_corr,5012,5623,1.700173,-4.126375,2.454178e+03,612,0
feedback_a0.600_K0.5_c1_corr,5624,6309,1.485063,-3.761129,1.418923e+03,686,0
feedback_a0.600_K0.5_c1_corr,6310,7079,2.970606,-3.079439,7.949517e+02,770,0
feedback_a0.600_K0.5_c1_corr,7080,7943,1.844711,-5.084415,2.880610e+03,864,0
feedback_a0.600_K0.5_c1_corr,7944,8912,2.855587,-4.666637,2.025517e+03,969,0
feedback_a0.600_K0.5_c1_corr,8913,9999,1.749276,-4.361388,3.699006e+03,1087,0
feedback_a0.600_K0.5_c1_corr,10000,11220,2.880450,-4.204410,2.107859e+03,1221,0
feedback_a0.600_K0.5_c1_corr,11221,12589,2.191918,-4.375072,3.358747e+03,1369,0
feedback_a0.600_K0.5_c1_corr,12590,14125,1.284545,-5.593914,7.213397e+03,1536,0
feedback_a0.600_K0.5_c1_corr,14126,15848,1.246620,-5.602622,7.627324e+03,1723,0
feedback_a0.600_K0.5_c1_corr,15849,17782,1.813291,-6.611330,1.170832e+04,1934,0
feedback_a0.600_K0.5_c1_corr,17783,19952,6.574243,-4.570615,9.147445e+03,2170,0
feedback_a0.600_K0.5_c1_corr,19953,22387,4.449272,-4.860952,8.673222e+03,2435,0
feedback_a0.600_K0.5_c1_corr,22388,25118,3.289806,-6.542962,1.205056e+04,2731,0
feedback_a0.600_K0.5_c1_corr,25119,28183,3.476925,-5.879310,1.981107e+04,3065,0
feedback_a0.600_K0.5_c1_corr,28184,31622,6.409464,-5.739748,2.413886e+04,3439,0
feedback_a0.600_K0.5_c1_corr,31623,35481,5.276407,-6.639657,2.020740e+04,3859,0
feedback_a0.600_K0.5_c1_corr,35482,39810,4.100146,-6.348093,2.523591e+04,4329,0
feedback_a0.600_K0.5_c1_corr,39811,44668,5.491179,-6.634396,2.960532e+04,4858,0
feedback_a0.600_K0.5_c1_corr,44669,50118,4.068727,-8.312069,3.357372e+04,5450,0
feedback_a0.600_K0.5_c1_corr,50119,56234,5.236883,-7.331973,3.907527e+04,6116,0
feedback_a0.600_K0.5_c1_corr,56235,63095,5.573197,-6.089833,2.440365e+04,6861,0
feedback_a0.600_K0.5_c1_corr,63096,70794,3.727972,-7.932570,7.056467e+04,7699,0
feedback_a0.600_K0.5_c1_corr,70795,79432,4.285633,-10.660910,6.997535e+04,8638,0
feedback_a0.600_K0.5_c1_corr,79433,89125,7.067076,-11.814795,7.459798e+04,9693,0
feedback_a0.600_K0.5_c1_corr,89126,99999,10.253236,-7.912432,9.336795e+04,10874,0
feedback_a0.600_K0.5_c1_corr,100000,112201,6.394327,-7.713832,8.702043e+04,12202,0
feedback_a0.600_K0.5_c1_corr,112202,125892,8.232961,-8.375048,1.730400e+05,13691,0
feedback_a0.600_K0.5_c1_corr,125893,141253,5.333941,-6.446578,6.621324e+04,15361,0
feedback_a0.600_K0.5_c1_corr,141254,158489,6.710045,-11.669506,2.539582e+05,17236,0
feedback_a0.600_K0.5_c1_corr,158490,177827,6.448251,-7.540268,9.906733e+04,19338,0
feedback_a0.600_K0.5_c1_corr,177828,199526,9.299004,-7.544000,1.548877e+05,21699,0
feedback_a0.600_K0.5_c1_corr,199527,223872,9.755261,-10.393968,2.446254e+05,24346,0
feedback_a0.600_K0.5_c1_corr,223873,251188,9.556591,-13.270008,5.874214e+05,27316,0
feedback_a0.600_K0.5_c1_corr,251189,281838,8.651317,-12.045051,4.116467e+05,30650,0
feedback_a0.600_K0.5_c1_corr,281839,316227,9.945265,-10.611791,4.554511e+05,34389,0
feedback_a0.600_K0.5_c1_corr,316228,354813,8.852534,-9.999801,4.488038e+05,38586,0
feedback_a0.600_K0.5_c1_corr,354814,398107,8.178454,-13.464351,5.716223e+05,43294,0
feedback_a0.600_K0.5_c1_corr,398108,446683,9.921368,-12.240336,6.914232e+05,48576,0
feedback_a0.600_K0.5_c1_corr,446684,501187,11.877335,-16.236492,1.570748e+06,54504,0
feedback_a0.600_K0.5_c1_corr,501188,562341,11.161918,-12.220692,9.134934e+05,61154,0
feedback_a0.600_K0.5_c1_corr,562342,630957,10.345771,-12.383087,8.839100e+05,68616,0
feedback_a0.600_K0.5_c1_corr,630958,707945,11.776491,-15.561525,1.677968e+06,76988,0
feedback_a0.600_K0.5_c1_corr,707946,794328,12.062197,-14.130962,2.027894e+06,86383,0
feedback_a0.600_K0.5_c1_corr,794329,891250,17.227303,-14.348750,3.102788e+06,96922,0
feedback_a0.600_K0.5_c1_corr,891251,999999,13.362129,-14.672478,2.110577e+06,108749,0
feedback_a0.600_K0.5_c1_corr,1000000,1122018,13.065225,-13.450710,2.952545e+06,122019,0
feedback_a0.600_K0.5_c1_corr,1122019,1258925,16.654882,-13.056698,3.817309e+06,136907,0
feedback_a0.600_K0.5_c1_corr,1258926,1412537,14.232152,-16.708403,4.118650e+06,153612,0
feedback_a0.600_K0.5_c1_corr,1412538,1584893,22.417239,-13.776583,5.664991e+06,172356,0
feedback_a0.600_K0.5_c1_corr,1584894,1778279,18.993377,-22.057920,8.927267e+06,193386,0
feedback_a0.600_K0.5_c1_corr,1778280,1995262,15.737782,-16.992786,6.841293e+06,216983,0
feedback_a0.600_K0.5_c1_corr,1995263,2238721,16.619237,-17.740368,8.862797e+06,243459,0
feedback_a0.600_K0.5_c1_corr,2238722,2511886,19.325287,-18.825353,9.671295e+06,273165,0
feedback_a0.600_K0.5_c1_corr,2511887,2818382,21.145473,-17.278016,9.658525e+06,306496,0
feedback_a0.600_K0.5_c1_corr,2818383,3162277,25.760162,-19.024270,1.329487e+07,343895,0
feedback_a0.600_K0.5_c1_corr,3162278,3548133,27.762957,-24.421449,3.426555e+07,385856,0
feedback_a0.600_K0.5_c1_corr,3548134,3981071,25.532862,-25.054315,2.992450e+07,432938,0
feedback_a0.600_K0.5_c1_corr,3981072,4466835,19.969395,-27.327811,1.762474e+07,485764,0
feedback_a0.600_K0.5_c1_corr,4466836,5011872,27.909269,-24.114295,3.037302e+07,545037,0
feedback_a0.600_K0.5_c1_corr,5011873,5623413,24.544861,-26.045545,3.951906e+07,611541,0
feedback_a0.600_K0.5_c1_corr,5623414,6309573,20.367002,-27.584199,3.933905e+07,686160,0
feedback_a0.600_K0.5_c1_corr,6309574,7079457,27.961212,-29.313147,5.888693e+07,769884,0
feedback_a0.600_K0.5_c1_corr,7079458,7943282,25.770375,-23.498549,7.241180e+07,863825,0
feedback_a0.600_K0.5_c1_corr,7943283,8912509,25.536670,-29.118376,5.924379e+07,969227,0
feedback_a0.600_K0.5_c1_corr,8912510,9999999,25.208588,-27.147211,9.705319e+07,1087490,0
feedback_a0.600_K0.5_c1_corr,10000000,11220184,33.075290,-33.728620,1.696552e+08,1220185,0
feedback_a0.600_K0.5_c1_corr,11220185,12589254,33.620191,-30.780755,1.118577e+08,1369070,0
feedback_a0.600_K0.5_c1_corr,12589255,14125375,30.514271,-26.015134,1.127292e+08,1536121,0
feedback_a0.600_K0.5_c1_corr,14125376,15848931,40.010122,-37.964081,2.117788e+08,1723556,0
feedback_a0.600_K0.5_c1_corr,15848932,17782794,28.376177,-35.386551,2.222089e+08,1933863,0
feedback_a0.600_K0.5_c1_corr,17782795,19952623,35.160542,-36.453079,3.275185e+08,2169829,0
feedback_a0.600_K0.5_c1_corr,19952624,22387211,35.292783,-34.869241,3.113164e+08,2434588,0
feedback_a0.600_K0.5_c1_corr,22387212,25118864,31.706137,-33.665382,3.262894e+08,2731653,0
feedback_a0.600_K0.5_c1_corr,25118865,28183829,53.099898,-40.322822,5.124440e+08,3064965,0
feedback_a0.600_K0.5_c1_corr,28183830,31622776,28.499088,-32.268325,3.338083e+08,3438947,0
feedback_a0.600_K0.5_c1_corr,31622777,35481338,44.678455,-42.402831,8.030331e+08,3858562,0
feedback_a0.600_K0.5_c1_corr,35481339,39810717,47.369136,-44.676902,1.110504e+09,4329379,0
feedback_a0.600_K0.5_c1_corr,39810718,44668359,52.078676,-36.262988,1.039961e+09,4857642,0
feedback_a0.600_K0.5_c1_corr,44668360,50118723,45.386279,-41.306584,8.047806e+08,5450364,0
feedback_a0.600_K0.5_c1_corr,50118724,56234132,50.965204,-39.746225,1.503679e+09,6115409,0
feedback_a0.600_K0.5_c1_corr,56234133,63095734,45.674854,-43.158968,1.494211e+09,6861602,0
feedback_a0.600_K0.5_c1_corr,63095735,70794578,61.684480,-48.961485,1.928614e+09,7698844,0
feedback_a0.600_K0.5_c1_corr,70794579,79432823,74.296602,-48.816517,3.548716e+09,8638245,0
feedback_a0.600_K0.5_c1_corr,79432824,89125093,64.018696,-53.295835,2.607489e+09,9692270,0
feedback_a0.600_K0.5_c1_corr,89125094,99999999,54.443493,-49.545594,2.062277e+09,10874906,0
feedback_a0.600_K0.5_c1_corr,100000000,112201845,45.789732,-56.651688,3.692359e+09,12201846,0
feedback_a0.600_K0.5_c1_corr,112201846,125892541,64.034354,-51.894423,4.645769e+09,13690696,0
feedback_a0.600_K0.5_c1_corr,125892542,141253754,50.766780,-57.619262,4.642499e+09,15361213,0
feedback_a0.600_K0.5_c1_corr,141253755,158489319,63.623755,-68.434169,9.322482e+09,17235565,0
feedback_a0.600_K0.5_c1_corr,158489320,177827941,79.026840,-59.023966,8.372559e+09,19338622,0
feedback_a0.600_K0.5_c1_corr,177827942,199526231,66.737505,-60.173684,9.271279e+09,21698290,0
feedback_a0.600_K0.5_c1_corr,199526232,223872113,68.907232,-84.129849,1.300084e+10,24345882,0
feedback_a0.600_K0.5_c1_corr,223872114,251188643,74.519037,-76.527029,1.529685e+10,27316530,0
feedback_a0.600_K0.5_c1_corr,251188644,281838293,71.867341,-86.732533,1.465553e+10,30649650,0
feedback_a0.600_K0.5_c1_corr,281838294,316227766,71.403375,-65.314656,1.415385e+10,34389473,0
feedback_a0.600_K0.5_c1_corr,316227767,354813389,74.398025,-86.125199,2.633311e+10,38585623,0
feedback_a0.600_K0.5_c1_corr,354813390,398107170,75.960710,-95.349330,3.528713e+10,43293781,0
feedback_a0.600_K0.5_c1_corr,398107171,446683592,73.766615,-80.516187,2.765332e+10,48576422,0
feedback_a0.600_K0.5_c1_corr,446683593,501187233,63.426721,-94.108581,4.370390e+10,54503641,0
feedback_a0.600_K0.5_c1_corr,501187234,562341325,94.201227,-86.649331,5.871658e+10,61154092,0
feedback_a0.600_K0.5_c1_corr,562341326,630957344,79.407455,-91.167713,6.320434e+10,68616019,0
feedback_a0.600_K0.5_c1_corr,630957345,707945784,76.826065,-90.412273,4.926629e+10,76988440,0
feedback_a0.600_K0.5_c1_corr,707945785,794328234,75.598744,-121.425810,9.743170e+10,86382450,0
feedback_a0.600_K0.5_c1_corr,794328235,891250938,78.264611,-106.817887,1.078197e+11,96922704,0
feedback_a0.600_K0.5_c1_corr,891250939,999999999,87.806384,-125.249789,1.639869e+11,108749061,0
feedback_a0.600_K0.5_c1_corr,1000000000,1000000000,-71.794948,-72.014251,5.170271e+03,1,0
