p,a1,a2,N1,N2,b1,b2,c1_id,c2_id,least_m_id,least_m_flip,shape4_id,shape5_id,shape4_flip,shape5_flip,fact22_id,fact23_id,fact33_id,fact22_flip,fact23_flip,fact33_flip,Jmax_conn_id,Jmax_conn_flip
3,-4,8,0,10,-2.309401,2.666667,-1.971197,-0.338204,,0,nonpositive,nonpositive,realized,realized,False,False,False,True,True,True,,0.1982
3,-4,9,0,12,-2.309401,3.0,-1.732051,-0.57735,,0,nonpositive,nonpositive,realized,realized,False,False,False,True,True,True,,0.1961
3,-4,10,0,14,-2.309401,3.333333,-1.154701,-1.154701,,0,nonpositive,nonpositive,realized,realized,False,False,False,True,True,True,,0.2747
3,-3,5,1,11,-1.732051,1.666667,-1.906858,0.174808,,0,nonpositive,nonpositive,realized,realized,False,False,False,False,True,True,,0.7036
3,-3,6,1,13,-1.732051,2.0,-1.732051,-0.0,,0,nonpositive,nonpositive,realized,realized,False,False,False,False,True,True,,0.3494
3,-3,7,1,15,-1.732051,2.333333,-1.511523,-0.220528,,0,nonpositive,nonpositive,realized,realized,False,False,False,True,True,True,,0.3168
3,-2,1,2,8,-1.154701,0.333333,-1.991564,0.836863,,0,nonpositive,nonpositive,realized,realized,False,False,False,False,True,True,,1.4627
3,-2,2,2,10,-1.154701,0.666667,-1.868345,0.713644,,0,nonpositive,nonpositive,realized,realized,False,False,False,False,True,True,,1.2855
3,-2,3,2,12,-1.154701,1.0,-1.732051,0.57735,,0,nonpositive,nonpositive,realized,realized,False,False,False,False,True,True,,0.3662
3,-2,4,2,14,-1.154701,1.333333,-1.57735,0.42265,,0,nonpositive,nonpositive,realized,realized,False,False,False,False,True,True,,0.3677
3,-2,5,2,16,-1.154701,1.666667,-1.393847,0.239146,,0,nonpositive,nonpositive,realized,realized,False,False,False,False,True,True,,0.1309
3,-2,6,2,18,-1.154701,2.0,-1.154701,-0.0,,0,nonpositive,nonpositive,realized,realized,False,False,False,False,True,True,,0.3715
3,-2,7,2,20,-1.154701,2.333333,-0.57735,-0.57735,2,0,nonpositive,nonpositive,realized,realized,False,False,True,True,True,True,,0.6212
3,-1,-2,3,5,-0.57735,-0.666667,-1.946988,1.369637,,,nonpositive,nonpositive,nonpositive,nonpositive,False,False,False,False,False,False,,
3,-1,-1,3,7,-0.57735,-0.333333,-1.843238,1.265888,,,nonpositive,nonpositive,nonpositive,lemma,False,False,False,False,False,False,,
3,-1,0,3,9,-0.57735,0.0,-1.732051,1.154701,,,nonpositive,nonpositive,nonpositive,lemma,False,False,False,False,False,False,,
3,-1,1,3,11,-0.57735,0.333333,-1.611551,1.034201,,0,nonpositive,nonpositive,realized,realized,False,False,False,False,False,False,,0.8999
3,-1,2,3,13,-0.57735,0.666667,-1.478913,0.901563,1,0,nonpositive,realized,realized,realized,False,False,False,False,True,True,0.9736,0.7337
3,-1,3,3,15,-0.57735,1.0,-1.329508,0.752158,1,0,nonpositive,realized,realized,realized,False,False,False,False,True,True,0.9568,0.3356
3,-1,4,3,17,-0.57735,1.333333,-1.154701,0.57735,1,0,nonpositive,realized,realized,realized,False,False,False,False,True,True,1.7366,0.6548
3,-1,5,3,19,-0.57735,1.666667,-0.934172,0.356822,1,0,nonpositive,realized,realized,realized,False,True,True,False,True,True,1.6988,0.5835
3,0,-2,4,6,0.0,-0.666667,-1.632993,1.632993,,,nonpositive,nonpositive,nonpositive,nonpositive,False,False,False,False,False,False,,
3,0,-1,4,8,0.0,-0.333333,-1.527525,1.527525,,,nonpositive,nonpositive,nonpositive,nonpositive,False,False,False,False,False,False,,
3,0,0,4,10,0.0,0.0,-1.414214,1.414214,,,nonpositive,nonpositive,nonpositive,nonpositive,False,False,False,False,False,False,,
3,0,1,4,12,0.0,0.333333,-1.290994,1.290994,1,1,nonpositive,realized,nonpositive,realized,False,False,False,False,False,False,1.3805,1.3805
3,0,2,4,14,0.0,0.666667,-1.154701,1.154701,1,1,nonpositive,realized,nonpositive,realized,False,False,False,False,False,False,0.5534,0.5534
3,0,3,4,16,0.0,1.0,-1.0,1.0,1,1,nonpositive,realized,nonpositive,realized,False,False,False,False,False,False,0.4538,0.4538
3,0,4,4,18,0.0,1.333333,-0.816497,0.816497,1,1,nonpositive,realized,nonpositive,realized,False,True,True,False,True,True,0.8526,1.3593
3,0,5,4,20,0.0,1.666667,-0.57735,0.57735,1,1,nonpositive,realized,nonpositive,realized,False,True,True,False,True,True,1.0281,1.0281
3,1,-2,5,5,0.57735,-0.666667,-1.369637,1.946988,,,nonpositive,nonpositive,nonpositive,nonpositive,False,False,False,False,False,False,,
3,1,-1,5,7,0.57735,-0.333333,-1.265888,1.843238,,,nonpositive,lemma,nonpositive,nonpositive,False,False,False,False,False,False,,
3,1,0,5,9,0.57735,0.0,-1.154701,1.732051,,,nonpositive,lemma,nonpositive,nonpositive,False,False,False,False,False,False,,
3,1,1,5,11,0.57735,0.333333,-1.034201,1.611551,0,,realized,realized,nonpositive,nonpositive,False,False,False,False,False,False,0.8999,
3,1,2,5,13,0.57735,0.666667,-0.901563,1.478913,0,1,realized,realized,nonpositive,realized,False,True,True,False,False,False,0.7337,0.9736
3,1,3,5,15,0.57735,1.0,-0.752158,1.329508,0,1,realized,realized,nonpositive,realized,False,True,True,False,False,False,0.3356,1.1461
3,1,4,5,17,0.57735,1.333333,-0.57735,1.154701,0,1,realized,realized,nonpositive,realized,False,True,True,False,False,False,0.5944,1.7366
3,1,5,5,19,0.57735,1.666667,-0.356822,0.934172,0,1,realized,realized,nonpositive,realized,False,True,True,False,True,True,0.5777,1.2515
3,2,1,6,8,1.154701,0.333333,-0.836863,1.991564,0,,realized,realized,nonpositive,nonpositive,False,True,True,False,False,False,1.4627,
3,2,2,6,10,1.154701,0.666667,-0.713644,1.868345,0,,realized,realized,nonpositive,nonpositive,False,True,True,False,False,False,1.2855,
3,2,3,6,12,1.154701,1.0,-0.57735,1.732051,0,,realized,realized,nonpositive,nonpositive,False,True,True,False,False,False,0.3662,
3,2,4,6,14,1.154701,1.333333,-0.42265,1.57735,0,,realized,realized,nonpositive,nonpositive,False,True,True,False,False,False,0.3677,
3,2,5,6,16,1.154701,1.666667,-0.239146,1.393847,0,,realized,realized,nonpositive,nonpositive,False,True,True,False,False,False,0.1309,
3,2,6,6,18,1.154701,2.0,-0.0,1.154701,0,,realized,realized,nonpositive,nonpositive,False,True,True,False,False,False,0.4057,
3,2,7,6,20,1.154701,2.333333,0.57735,0.57735,0,2,realized,realized,nonpositive,nonpositive,True,True,True,False,False,True,0.6212,
3,3,5,7,11,1.732051,1.666667,-0.174808,1.906858,0,,realized,realized,nonpositive,nonpositive,False,True,True,False,False,False,0.7036,
3,3,6,7,13,1.732051,2.0,-0.0,1.732051,0,,realized,realized,nonpositive,nonpositive,False,True,True,False,False,False,0.373,
3,3,7,7,15,1.732051,2.333333,0.220528,1.511523,0,,realized,realized,nonpositive,nonpositive,True,True,True,False,False,False,0.3709,
3,4,8,8,10,2.309401,2.666667,0.338204,1.971197,0,,realized,realized,nonpositive,nonpositive,True,True,True,False,False,False,0.1982,
3,4,9,8,12,2.309401,3.0,0.57735,1.732051,0,,realized,realized,nonpositive,nonpositive,True,True,True,False,False,False,0.1961,
3,4,10,8,14,2.309401,3.333333,1.154701,1.154701,0,,realized,realized,nonpositive,nonpositive,True,True,True,False,False,False,0.2747,
5,-6,17,0,24,-2.683282,3.4,-1.974096,-0.709185,,0,nonpositive,nonpositive,realized,realized,False,False,False,True,True,True,,0.2968
5,-6,18,0,26,-2.683282,3.6,-1.788854,-0.894427,,0,nonpositive,nonpositive,realized,realized,False,False,False,True,True,True,,0.146
5,-6,19,0,28,-2.683282,3.8,-1.341641,-1.341641,,0,nonpositive,nonpositive,realized,realized,False,False,False,True,True,True,,0.1996
5,-5,13,1,27,-2.236068,2.6,-1.92426,-0.311808,,0,nonpositive,nonpositive,realized,realized,False,False,False,True,True,True,,0.3535
5,-5,14,1,29,-2.236068,2.8,-1.788854,-0.447214,,0,nonpositive,nonpositive,realized,realized,False,False,False,True,True,True,,0.1564
5,-5,15,1,31,-2.236068,3.0,-1.618034,-0.618034,,0,nonpositive,nonpositive,realized,realized,False,False,False,True,True,True,,0.1606
5,-4,8,2,26,-1.788854,1.6,-1.989872,0.201018,,0,nonpositive,nonpositive,realized,realized,False,False,False,False,True,True,,0.6902
5,-4,9,2,28,-1.788854,1.8,-1.894427,0.105573,,0,nonpositive,nonpositive,realized,realized,False,False,False,False,True,True,,0.3866
5,-4,10,2,30,-1.788854,2.0,-1.788854,-0.0,,0,nonpositive,nonpositive,realized,realized,False,False,False,False,True,True,,0.2395
5,-4,11,2,32,-1.788854,2.2,-1.669024,-0.119831,,0,nonpositive,nonpositive,realized,realized,False,False,False,True,True,True,,0.3809
5,-4,12,2,34,-1.788854,2.4,-1.526883,-0.261972,,0,nonpositive,nonpositive,realized,realized,False,False,False,True,True,True,,0.3601
5,-4,13,2,36,-1.788854,2.6,-1.341641,-0.447214,,0,nonpositive,nonpositive,realized,realized,False,False,False,True,True,True,,0.41
5,-4,14,2,38,-1.788854,2.8,-0.894427,-0.894427,2,0,nonpositive,nonpositive,realized,realized,False,False,True,True,True,True,,0.4024
5,-3,4,3,25,-1.341641,0.8,-1.955344,0.613703,,0,nonpositive,nonpositive,realized,realized,False,False,False,False,True,True,,1.1946
5,-3,5,3,27,-1.341641,1.0,-1.87498,0.533339,,0,nonpositive,nonpositive,realized,realized,False,False,False,False,True,True,,0.6203
5,-3,6,3,29,-1.341641,1.2,-1.788854,0.447214,,0,nonpositive,nonpositive,realized,realized,False,False,False,False,True,True,,0.5062
5,-3,7,3,31,-1.341641,1.4,-1.695515,0.353875,,0,nonpositive,nonpositive,realized,realized,False,False,False,False,True,True,,0.2243
5,-3,8,3,33,-1.341641,1.6,-1.592775,0.251134,,0,nonpositive,nonpositive,realized,realized,False,False,False,False,True,True,,0.223
5,-3,9,3,35,-1.341641,1.8,-1.477046,0.135405,,0,nonpositive,nonpositive,realized,realized,False,False,False,False,True,True,,0.1845
5,-3,10,3,37,-1.341641,2.0,-1.341641,-0.0,,0,nonpositive,nonpositive,realized,realized,False,False,False,False,True,True,,0.5465
5,-3,11,3,39,-1.341641,2.2,-1.17082,-0.17082,,0,nonpositive,nonpositive,realized,realized,False,False,False,True,True,True,,0.4128
5,-2,0,4,22,-0.894427,0.0,-1.930453,1.036026,,,nonpositive,nonpositive,nonpositive,lemma,False,False,False,False,False,False,,
5,-2,1,4,24,-0.894427,0.2,-1.861427,0.967,,0,nonpositive,nonpositive,realized,realized,False,False,False,False,True,True,,1.5462
5,-2,2,4,26,-0.894427,0.4,-1.788854,0.894427,,0,nonpositive,nonpositive,realized,realized,False,False,False,False,True,True,,1.2065
5,-2,3,4,28,-0.894427,0.6,-1.712125,0.817697,,0,nonpositive,nonpositive,realized,realized,False,False,False,False,True,True,,0.773
5,-2,4,4,30,-0.894427,0.8,-1.63043,0.736002,,0,nonpositive,nonpositive,realized,realized,False,False,False,False,True,True,,0.3304
5,-2,5,4,32,-0.894427,1.0,-1.542659,0.648232,1,0,nonpositive,realized,realized,realized,False,False,False,False,True,True,1.4476,0.4348
5,-2,6,4,34,-0.894427,1.2,-1.447214,0.552786,1,0,nonpositive,realized,realized,realized,False,False,False,False,True,True,2.0,0.2296
5,-2,7,4,36,-0.894427,1.4,-1.341641,0.447214,1,0,nonpositive,realized,realized,realized,False,False,False,False,True,True,1.8825,0.7569
5,-2,8,4,38,-0.894427,1.6,-1.22181,0.327383,1,0,nonpositive,realized,realized,realized,False,False,False,False,True,True,2.4766,0.31
5,-2,9,4,40,-0.894427,1.8,-1.079669,0.185242,1,0,nonpositive,realized,realized,realized,False,False,False,False,True,True,4.2314,0.4395
5,-2,10,4,42,-0.894427,2.0,-0.894427,-0.0,2,0,nonpositive,cap,realized,realized,False,False,True,False,True,True,,0.5588
5,-2,11,4,44,-0.894427,2.2,-0.447214,-0.447214,2,0,nonpositive,cap,realized,realized,False,False,True,True,True,True,,0.7489
5,-1,-5,5,15,-0.447214,-1.0,-1.970032,1.522818,,,nonpositive,nonpositive,nonpositive,nonpositive,False,False,False,False,False,False,,
5,-1,-4,5,17,-0.447214,-0.8,-1.911801,1.464588,,,nonpositive,nonpositive,nonpositive,nonpositive,False,False,False,False,False,False,,
5,-1,-3,5,19,-0.447214,-0.6,-1.851489,1.404275,,,nonpositive,nonpositive,nonpositive,nonpositive,False,False,False,False,False,False,,
5,-1,-2,5,21,-0.447214,-0.4,-1.788854,1.341641,,,nonpositive,nonpositive,nonpositive,lemma,False,False,False,False,False,False,,
5,-1,-1,5,23,-0.447214,-0.2,-1.723607,1.276393,,,nonpositive,nonpositive,nonpositive,lemma,False,False,False,False,False,False,,
5,-1,0,5,25,-0.447214,0.0,-1.655389,1.208175,,,nonpositive,nonpositive,nonpositive,lemma,False,False,False,False,False,False,,
5,-1,1,5,27,-0.447214,0.2,-1.583754,1.13654,,0,nonpositive,nonpositive,realized,realized,False,False,False,False,False,False,,0.8033
5,-1,2,5,29,-0.447214,0.4,-1.50813,1.060916,,0,nonpositive,nonpositive,realized,realized,False,False,False,False,False,False,,0.592
5,-1,3,5,31,-0.447214,0.6,-1.427766,0.980553,1,0,nonpositive,realized,realized,realized,False,False,False,False,True,True,1.0856,0.7774
5,-1,4,5,33,-0.447214,0.8,-1.341641,0.894427,1,0,nonpositive,realized,realized,realized,False,False,False,False,True,True,1.1606,0.5279
5,-1,5,5,35,-0.447214,1.0,-1.248302,0.801088,1,0,nonpositive,realized,realized,realized,False,False,False,False,True,True,0.7356,0.2783
5,-1,6,5,37,-0.447214,1.2,-1.145561,0.698348,1,0,nonpositive,realized,realized,realized,False,False,False,False,True,True,1.0887,0.8457
5,-1,7,5,39,-0.447214,1.4,-1.029833,0.582619,1,0,nonpositive,realized,realized,realized,False,False,False,False,True,True,1.033,0.5123
5,-1,8,5,41,-0.447214,1.6,-0.894427,0.447214,1,0,nonpositive,realized,realized,realized,False,True,True,False,True,True,0.968,0.4493
5,-1,9,5,43,-0.447214,1.8,-0.723607,0.276393,1,0,nonpositive,realized,realized,realized,False,True,True,False,True,True,1.6663,0.7493
5,0,-10,6,6,0.0,-2.0,-2.0,2.0,,,nonpositive,nonpositive,nonpositive,nonpositive,False,False,False,False,False,False,,
5,0,-7,6,12,0.0,-1.4,-1.843909,1.843909,,,nonpositive,nonpositive,nonpositive,nonpositive,False,False,False,False,False,False,,
5,0,-6,6,14,0.0,-1.2,-1.788854,1.788854,,,nonpositive,nonpositive,nonpositive,nonpositive,False,False,False,False,False,False,,
5,0,-5,6,16,0.0,-1.0,-1.732051,1.732051,,,nonpositive,nonpositive,nonpositive,nonpositive,False,False,False,False,False,False,,
5,0,-4,6,18,0.0,-0.8,-1.67332,1.67332,,,nonpositive,nonpositive,nonpositive,nonpositive,False,False,False,False,False,False,,
5,0,-3,6,20,0.0,-0.6,-1.612452,1.612452,,,nonpositive,nonpositive,nonpositive,nonpositive,False,False,False,False,False,False,,
5,0,-2,6,22,0.0,-0.4,-1.549193,1.549193,,,nonpositive,nonpositive,nonpositive,nonpositive,False,False,False,False,False,False,,
5,0,-1,6,24,0.0,-0.2,-1.48324,1.48324,,,nonpositive,nonpositive,nonpositive,nonpositive,False,False,False,False,False,False,,
5,0,0,6,26,0.0,0.0,-1.414214,1.414214,,,nonpositive,nonpositive,nonpositive,nonpositive,False,False,False,False,False,False,,
5,0,1,6,28,0.0,0.2,-1.341641,1.341641,1,1,nonpositive,realized,nonpositive,realized,False,False,False,False,False,False,2.8871,2.8871
5,0,2,6,30,0.0,0.4,-1.264911,1.264911,1,1,nonpositive,realized,nonpositive,realized,False,False,False,False,False,False,1.4239,1.4239
5,0,3,6,32,0.0,0.6,-1.183216,1.183216,1,1,nonpositive,realized,nonpositive,realized,False,False,False,False,False,False,0.553,0.553
5,0,4,6,34,0.0,0.8,-1.095445,1.095445,1,1,nonpositive,realized,nonpositive,realized,False,False,False,False,False,False,0.4489,0.4489
5,0,5,6,36,0.0,1.0,-1.0,1.0,1,1,nonpositive,realized,nonpositive,realized,False,False,False,False,False,False,0.4538,0.4538
5,0,6,6,38,0.0,1.2,-0.894427,0.894427,1,1,nonpositive,realized,nonpositive,realized,False,True,True,False,True,True,0.5772,0.5772
5,0,7,6,40,0.0,1.4,-0.774597,0.774597,1,1,nonpositive,realized,nonpositive,realized,False,True,True,False,True,True,0.729,0.729
5,0,8,6,42,0.0,1.6,-0.632456,0.632456,1,1,nonpositive,realized,nonpositive,realized,False,True,True,False,True,True,0.8557,0.8557
5,0,9,6,44,0.0,1.8,-0.447214,0.447214,1,1,nonpositive,realized,nonpositive,realized,False,True,True,False,True,True,0.9991,5.7237
5,0,10,6,46,0.0,2.0,-0.0,0.0,2,2,nonpositive,notfound,nonpositive,notfound,False,False,True,False,False,True,,
5,1,-5,7,15,0.447214,-1.0,-1.522818,1.970032,,,nonpositive,nonpositive,nonpositive,nonpositive,False,False,False,False,False,False,,
5,1,-4,7,17,0.447214,-0.8,-1.464588,1.911801,,,nonpositive,nonpositive,nonpositive,nonpositive,False,False,False,False,False,False,,
5,1,-3,7,19,0.447214,-0.6,-1.404275,1.851489,,,nonpositive,nonpositive,nonpositive,nonpositive,False,False,False,False,False,False,,
5,1,-2,7,21,0.447214,-0.4,-1.341641,1.788854,,,nonpositive,lemma,nonpositive,nonpositive,False,False,False,False,False,False,,
5,1,-1,7,23,0.447214,-0.2,-1.276393,1.723607,,,nonpositive,lemma,nonpositive,nonpositive,False,False,False,False,False,False,,
5,1,0,7,25,0.447214,0.0,-1.208175,1.655389,,,nonpositive,lemma,nonpositive,nonpositive,False,False,False,False,False,False,,
5,1,1,7,27,0.447214,0.2,-1.13654,1.583754,0,,realized,realized,nonpositive,nonpositive,False,False,False,False,False,False,0.8033,
5,1,2,7,29,0.447214,0.4,-1.060916,1.50813,0,,realized,realized,nonpositive,nonpositive,False,False,False,False,False,False,0.592,
5,1,3,7,31,0.447214,0.6,-0.980553,1.427766,0,1,realized,realized,nonpositive,realized,False,True,True,False,False,False,0.7774,1.0856
5,1,4,7,33,0.447214,0.8,-0.894427,1.341641,0,1,realized,realized,nonpositive,realized,False,True,True,False,False,False,0.5279,0.8477
5,1,5,7,35,0.447214,1.0,-0.801088,1.248302,0,1,realized,realized,nonpositive,realized,False,True,True,False,False,False,0.2783,0.7356
5,1,6,7,37,0.447214,1.2,-0.698348,1.145561,0,1,realized,realized,nonpositive,realized,False,True,True,False,False,False,0.4002,1.1141
5,1,7,7,39,0.447214,1.4,-0.582619,1.029833,0,1,realized,realized,nonpositive,realized,False,True,True,False,False,False,0.5123,1.2985
5,1,8,7,41,0.447214,1.6,-0.447214,0.894427,0,1,realized,realized,nonpositive,realized,False,True,True,False,True,True,0.9649,0.968
5,1,9,7,43,0.447214,1.8,-0.276393,0.723607,0,1,realized,realized,nonpositive,realized,False,True,True,False,True,True,0.7493,1.6663
5,2,0,8,22,0.894427,0.0,-1.036026,1.930453,,,nonpositive,lemma,nonpositive,nonpositive,False,False,False,False,False,False,,
5,2,1,8,24,0.894427,0.2,-0.967,1.861427,0,,realized,realized,nonpositive,nonpositive,False,True,True,False,False,False,1.5462,
5,2,2,8,26,0.894427,0.4,-0.894427,1.788854,0,,realized,realized,nonpositive,nonpositive,False,True,True,False,False,False,1.2065,
5,2,3,8,28,0.894427,0.6,-0.817697,1.712125,0,,realized,realized,nonpositive,nonpositive,False,True,True,False,False,False,0.773,
5,2,4,8,30,0.894427,0.8,-0.736002,1.63043,0,,realized,realized,nonpositive,nonpositive,False,True,True,False,False,False,0.3304,
5,2,5,8,32,0.894427,1.0,-0.648232,1.542659,0,1,realized,realized,nonpositive,realized,False,True,True,False,False,False,0.4348,1.4476
5,2,6,8,34,0.894427,1.2,-0.552786,1.447214,0,1,realized,realized,nonpositive,realized,False,True,True,False,False,False,0.2296,2.0
5,2,7,8,36,0.894427,1.4,-0.447214,1.341641,0,1,realized,realized,nonpositive,realized,False,True,True,False,False,False,0.7569,1.8825
5,2,8,8,38,0.894427,1.6,-0.327383,1.22181,0,1,realized,realized,nonpositive,realized,False,True,True,False,False,False,0.31,1.9976
5,2,9,8,40,0.894427,1.8,-0.185242,1.079669,0,1,realized,realized,nonpositive,realized,False,True,True,False,False,False,0.4272,4.2314
5,2,10,8,42,0.894427,2.0,-0.0,0.894427,0,2,realized,realized,nonpositive,cap,False,True,True,False,False,True,0.5588,
5,2,11,8,44,0.894427,2.2,0.447214,0.447214,0,2,realized,realized,nonpositive,cap,True,True,True,False,False,True,0.7489,
5,3,4,9,25,1.341641,0.8,-0.613703,1.955344,0,,realized,realized,nonpositive,nonpositive,False,True,True,False,False,False,1.1946,
5,3,5,9,27,1.341641,1.0,-0.533339,1.87498,0,,realized,realized,nonpositive,nonpositive,False,True,True,False,False,False,0.7525,
5,3,6,9,29,1.341641,1.2,-0.447214,1.788854,0,,realized,realized,nonpositive,nonpositive,False,True,True,False,False,False,0.5062,
5,3,7,9,31,1.341641,1.4,-0.353875,1.695515,0,,realized,realized,nonpositive,nonpositive,False,True,True,False,False,False,0.5171,
5,3,8,9,33,1.341641,1.6,-0.251134,1.592775,0,,realized,realized,nonpositive,nonpositive,False,True,True,False,False,False,0.223,
5,3,9,9,35,1.341641,1.8,-0.135405,1.477046,0,,realized,realized,nonpositive,nonpositive,False,True,True,False,False,False,0.1845,
5,3,10,9,37,1.341641,2.0,-0.0,1.341641,0,,realized,realized,nonpositive,nonpositive,False,True,True,False,False,False,0.5293,
5,3,11,9,39,1.341641,2.2,0.17082,1.17082,0,,realized,realized,nonpositive,nonpositive,True,True,True,False,False,False,0.4128,
5,4,8,10,26,1.788854,1.6,-0.201018,1.989872,0,,realized,realized,nonpositive,nonpositive,False,True,True,False,False,False,0.3867,
5,4,9,10,28,1.788854,1.8,-0.105573,1.894427,0,,realized,realized,nonpositive,nonpositive,False,True,True,False,False,False,0.3866,
5,4,10,10,30,1.788854,2.0,-0.0,1.788854,0,,realized,realized,nonpositive,nonpositive,False,True,True,False,False,False,0.2395,
5,4,11,10,32,1.788854,2.2,0.119831,1.669024,0,,realized,realized,nonpositive,nonpositive,True,True,True,False,False,False,0.3224,
5,4,12,10,34,1.788854,2.4,0.261972,1.526883,0,,realized,realized,nonpositive,nonpositive,True,True,True,False,False,False,0.3601,
5,4,13,10,36,1.788854,2.6,0.447214,1.341641,0,,realized,realized,nonpositive,nonpositive,True,True,True,False,False,False,0.564,
5,4,14,10,38,1.788854,2.8,0.894427,0.894427,0,2,realized,realized,nonpositive,nonpositive,True,True,True,False,False,True,0.4024,
5,5,13,11,27,2.236068,2.6,0.311808,1.92426,0,,realized,realized,nonpositive,nonpositive,True,True,True,False,False,False,0.3535,
5,5,14,11,29,2.236068,2.8,0.447214,1.788854,0,,realized,realized,nonpositive,nonpositive,True,True,True,False,False,False,0.1564,
5,5,15,11,31,2.236068,3.0,0.618034,1.618034,0,,realized,realized,nonpositive,nonpositive,True,True,True,False,False,False,0.3084,
5,6,17,12,24,2.683282,3.4,0.709185,1.974096,0,,realized,realized,nonpositive,nonpositive,True,True,True,False,False,False,0.2968,
5,6,18,12,26,2.683282,3.6,0.894427,1.788854,0,,realized,realized,nonpositive,nonpositive,True,True,True,False,False,False,0.146,
5,6,19,12,28,2.683282,3.8,1.341641,1.341641,0,,realized,realized,nonpositive,nonpositive,True,True,True,False,False,False,0.1996,
7,-8,29,0,44,-3.023716,4.142857,-1.889822,-1.133893,,0,nonpositive,nonpositive,realized,realized,False,False,False,True,True,True,,0.1616
7,-8,30,0,46,-3.023716,4.285714,-1.511858,-1.511858,,0,nonpositive,nonpositive,realized,realized,False,False,False,True,True,True,,0.1399
7,-7,24,1,49,-2.645751,3.428571,-1.889822,-0.755929,,0,nonpositive,nonpositive,realized,realized,False,False,False,True,True,True,,0.1888
7,-7,25,1,51,-2.645751,3.571429,-1.745453,-0.900299,,0,nonpositive,nonpositive,realized,realized,False,False,False,True,True,True,,0.053
7,-6,18,2,50,-2.267787,2.571429,-1.979048,-0.288739,,0,nonpositive,nonpositive,realized,realized,False,False,False,True,True,True,,0.2288
7,-6,19,2,52,-2.267787,2.714286,-1.889822,-0.377964,,0,nonpositive,nonpositive,realized,realized,False,False,False,True,True,True,,0.2413
7,-6,20,2,54,-2.267787,2.857143,-1.788547,-0.47924,,0,nonpositive,nonpositive,realized,realized,False,False,False,True,True,True,,0.1269
7,-6,21,2,56,-2.267787,3.0,-1.668416,-0.599371,,0,nonpositive,nonpositive,realized,realized,False,False,False,True,True,True,,0.3809
7,-6,22,2,58,-2.267787,3.142857,-1.511858,-0.755929,,0,nonpositive,nonpositive,realized,realized,False,False,False,True,True,True,,0.3177
7,-6,23,2,60,-2.267787,3.285714,-1.133893,-1.133893,,0,nonpositive,nonpositive,realized,realized,False,False,False,True,True,True,,0.2837
7,-5,13,3,51,-1.889822,1.857143,-1.962612,0.072789,,0,nonpositive,nonpositive,realized,realized,False,False,False,False,True,True,,0.3437
7,-5,14,3,53,-1.889822,2.0,-1.889822,-0.0,,0,nonpositive,nonpositive,realized,realized,False,False,False,False,True,True,,0.4321
7,-5,15,3,55,-1.889822,2.142857,-1.810937,-0.078886,,0,nonpositive,nonpositive,realized,realized,False,False,False,True,True,True,,0.4101
7,-5,16,3,57,-1.889822,2.285714,-1.724105,-0.165717,,0,nonpositive,nonpositive,realized,realized,False,False,False,True,True,True,,0.2161
7,-5,17,3,59,-1.889822,2.428571,-1.626296,-0.263526,,0,nonpositive,nonpositive,realized,realized,False,False,False,True,True,True,,0.2556
7,-5,18,3,61,-1.889822,2.571429,-1.511858,-0.377964,,0,nonpositive,nonpositive,realized,realized,False,False,False,True,True,True,,0.3178
7,-5,19,3,63,-1.889822,2.714286,-1.367488,-0.522334,,0,nonpositive,nonpositive,realized,realized,False,False,False,True,True,True,,0.2259
7,-4,8,4,50,-1.511858,1.142857,-1.951158,0.4393,,0,nonpositive,nonpositive,realized,realized,False,False,False,False,True,True,,0.6576
7,-4,9,4,52,-1.511858,1.285714,-1.889822,0.377964,,0,nonpositive,nonpositive,realized,realized,False,False,False,False,True,True,,0.7319
7,-4,10,4,54,-1.511858,1.428571,-1.824974,0.313116,,0,nonpositive,nonpositive,realized,realized,False,False,False,False,True,True,,0.4945
7,-4,11,4,56,-1.511858,1.571429,-1.755929,0.244071,,0,nonpositive,nonpositive,realized,realized,False,False,False,False,True,True,,0.303
7,-4,12,4,58,-1.511858,1.714286,-1.681749,0.169891,,0,nonpositive,nonpositive,realized,realized,False,False,False,False,True,True,,0.285
7,-4,13,4,60,-1.511858,1.857143,-1.601083,0.089225,,0,nonpositive,nonpositive,realized,realized,False,False,False,False,True,True,,0.2035
7,-4,14,4,62,-1.511858,2.0,-1.511858,-0.0,,0,nonpositive,nonpositive,realized,realized,False,False,False,False,True,True,,0.1327
7,-4,15,4,64,-1.511858,2.142857,-1.410583,-0.101275,,0,nonpositive,nonpositive,realized,realized,False,False,False,True,True,True,,0.1968
7,-4,16,4,66,-1.511858,2.285714,-1.290451,-0.221406,,0,nonpositive,nonpositive,realized,realized,False,False,False,True,True,True,,0.2536
7,-4,17,4,68,-1.511858,2.428571,-1.133893,-0.377964,,0,nonpositive,nonpositive,realized,realized,False,False,False,True,True,True,,0.4724
7,-4,18,4,70,-1.511858,2.571429,-0.755929,-0.755929,2,0,nonpositive,nonpositive,realized,realized,False,False,True,True,True,True,,0.4865
7,-3,2,5,45,-1.133893,0.285714,-1.993731,0.859838,,0,nonpositive,nonpositive,realized,realized,False,False,False,False,True,True,,1.5411
7,-3,3,5,47,-1.133893,0.428571,-1.942758,0.808865,,0,nonpositive,nonpositive,realized,realized,False,False,False,False,True,True,,1.3413
7,-3,4,5,49,-1.133893,0.571429,-1.889822,0.755929,,0,nonpositive,nonpositive,realized,realized,False,False,False,False,True,True,,0.8296
7,-3,5,5,51,-1.133893,0.714286,-1.834678,0.700785,,0,nonpositive,nonpositive,realized,realized,False,False,False,False,True,True,,0.8088
7,-3,6,5,53,-1.133893,0.857143,-1.777023,0.64313,,0,nonpositive,nonpositive,realized,realized,False,False,False,False,True,True,,0.6399
7,-3,7,5,55,-1.133893,1.0,-1.716481,0.582587,,0,nonpositive,nonpositive,realized,realized,False,False,False,False,True,True,,0.4311
7,-3,8,5,57,-1.133893,1.142857,-1.652567,0.518674,,0,nonpositive,nonpositive,realized,realized,False,False,False,False,True,True,,0.3537
7,-3,9,5,59,-1.133893,1.285714,-1.584647,0.450754,,0,nonpositive,nonpositive,realized,realized,False,False,False,False,True,True,,0.3719
7,-3,10,5,61,-1.133893,1.428571,-1.511858,0.377964,,0,nonpositive,nonpositive,realized,realized,False,False,False,False,True,True,,0.2896
7,-3,11,5,63,-1.133893,1.571429,-1.432972,0.299079,,0,nonpositive,nonpositive,realized,realized,False,False,False,False,True,True,,0.1966
7,-3,12,5,65,-1.133893,1.714286,-1.34614,0.212247,,0,nonpositive,nonpositive,realized,realized,False,False,False,False,True,True,,0.7259
7,-3,13,5,67,-1.133893,1.857143,-1.248332,0.114438,,0,nonpositive,nonpositive,realized,realized,False,False,False,False,True,True,,0.2962
7,-3,14,5,69,-1.133893,2.0,-1.133893,-0.0,,0,nonpositive,nonpositive,realized,realized,False,False,False,False,True,True,,0.4567
7,-3,15,5,71,-1.133893,2.142857,-0.989524,-0.14437,2,0,nonpositive,nonpositive,realized,realized,False,False,True,True,True,True,,0.5132
7,-2,-3,6,40,-0.755929,-0.428571,-1.981532,1.225603,,,nonpositive,nonpositive,nonpositive,lemma,False,False,False,False,False,False,,
7,-2,-2,6,42,-0.755929,-0.285714,-1.936352,1.180423,,,nonpositive,nonpositive,nonpositive,lemma,False,False,False,False,False,False,,
7,-2,-1,6,44,-0.755929,-0.142857,-1.889822,1.133893,,,nonpositive,nonpositive,nonpositive,lemma,False,False,False,False,False,False,,
7,-2,0,6,46,-0.755929,0.0,-1.841815,1.085886,,,nonpositive,nonpositive,nonpositive,lemma,False,False,False,False,False,False,,
7,-2,1,6,48,-0.755929,0.142857,-1.792178,1.036249,,0,nonpositive,nonpositive,realized,realized,False,False,False,False,False,False,,1.0512
7,-2,2,6,50,-0.755929,0.285714,-1.740735,0.984806,,0,nonpositive,nonpositive,realized,realized,False,False,False,False,True,True,,2.3121
7,-2,3,6,52,-0.755929,0.428571,-1.687272,0.931343,,0,nonpositive,nonpositive,realized,realized,False,False,False,False,True,True,,0.7664
7,-2,4,6,54,-0.755929,0.571429,-1.631531,0.875602,,0,nonpositive,nonpositive,realized,realized,False,False,False,False,True,True,,0.8053
7,-2,5,6,56,-0.755929,0.714286,-1.573193,0.817264,,0,nonpositive,nonpositive,realized,realized,False,False,False,False,True,True,,0.4279
7,-2,6,6,58,-0.755929,0.857143,-1.511858,0.755929,1,0,nonpositive,realized,realized,realized,False,False,False,False,True,True,0.4947,0.5812
7,-2,7,6,60,-0.755929,1.0,-1.447009,0.69108,1,0,nonpositive,realized,realized,realized,False,False,False,False,True,True,0.886,0.5456
7,-2,8,6,62,-0.755929,1.142857,-1.377964,0.622036,1,0,nonpositive,realized,realized,realized,False,False,False,False,True,True,1.1046,0.2681
7,-2,9,6,64,-0.755929,1.285714,-1.303785,0.547856,1,0,nonpositive,realized,realized,realized,False,False,False,False,True,True,2.1702,0.7476
7,-2,10,6,66,-0.755929,1.428571,-1.223119,0.46719,1,0,nonpositive,realized,realized,realized,False,False,False,False,True,True,2.0626,0.8015
7,-2,11,6,68,-0.755929,1.571429,-1.133893,0.377964,1,0,nonpositive,realized,realized,realized,False,False,False,False,True,True,2.7436,0.5385
7,-2,12,6,70,-0.755929,1.714286,-1.032618,0.276689,1,0,nonpositive,realized,realized,realized,False,False,False,False,True,True,1.9556,0.4207
7,-2,13,6,72,-0.755929,1.857143,-0.912487,0.156558,1,0,nonpositive,realized,realized,realized,False,True,True,False,True,True,2.8376,0.8015
7,-2,14,6,74,-0.755929,2.0,-0.755929,-0.0,2,0,nonpositive,cap,realized,realized,False,False,True,False,True,True,,0.6123
7,-2,15,6,76,-0.755929,2.142857,-0.377964,-0.377964,2,0,nonpositive,cap,realized,realized,False,False,True,True,True,True,,0.8331
7,-1,-8,7,33,-0.377964,-1.142857,-1.971837,1.593873,,,nonpositive,nonpositive,nonpositive,nonpositive,False,False,False,False,False,False,,
7,-1,-7,7,35,-0.377964,-1.0,-1.931312,1.553348,,,nonpositive,nonpositive,nonpositive,nonpositive,False,False,False,False,False,False,,
7,-1,-6,7,37,-0.377964,-0.857143,-1.889822,1.511858,,,nonpositive,nonpositive,nonpositive,nonpositive,False,False,False,False,False,False,,
7,-1,-5,7,39,-0.377964,-0.714286,-1.847295,1.46933,,,nonpositive,nonpositive,nonpositive,nonpositive,False,False,False,False,False,False,,
7,-1,-4,7,41,-0.377964,-0.571429,-1.803647,1.425683,,,nonpositive,nonpositive,nonpositive,nonpositive,False,False,False,False,False,False,,
7,-1,-3,7,43,-0.377964,-0.428571,-1.758787,1.380822,,,nonpositive,nonpositive,nonpositive,nonpositive,False,False,False,False,False,False,,
7,-1,-2,7,45,-0.377964,-0.285714,-1.712606,1.334641,,,nonpositive,nonpositive,nonpositive,lemma,False,False,False,False,False,False,,
7,-1,-1,7,47,-0.377964,-0.142857,-1.664981,1.287016,,,nonpositive,nonpositive,nonpositive,lemma,False,False,False,False,False,False,,
7,-1,0,7,49,-0.377964,0.0,-1.615767,1.237802,,,nonpositive,nonpositive,nonpositive,lemma,False,False,False,False,False,False,,
7,-1,1,7,51,-0.377964,0.142857,-1.564794,1.186829,,0,nonpositive,nonpositive,realized,realized,False,False,False,False,False,False,,0.9401
7,-1,2,7,53,-0.377964,0.285714,-1.511858,1.133893,,0,nonpositive,nonpositive,realized,realized,False,False,False,False,False,False,,0.5621
7,-1,3,7,55,-0.377964,0.428571,-1.456714,1.078749,1,0,nonpositive,realized,realized,realized,False,False,False,False,False,False,1.3493,0.8193
7,-1,4,7,57,-0.377964,0.571429,-1.399059,1.021095,1,0,nonpositive,realized,realized,realized,False,False,False,False,False,False,0.9142,0.537
7,-1,5,7,59,-0.377964,0.714286,-1.338516,0.960552,1,0,nonpositive,realized,realized,realized,False,False,False,False,True,True,0.7036,0.6966
7,-1,6,7,61,-0.377964,0.857143,-1.274603,0.896638,1,0,nonpositive,realized,realized,realized,False,False,False,False,True,True,0.4144,0.7494
7,-1,7,7,63,-0.377964,1.0,-1.206683,0.828718,1,0,nonpositive,realized,realized,realized,False,False,False,False,True,True,0.9108,0.2562
7,-1,8,7,65,-0.377964,1.142857,-1.133893,0.755929,1,0,nonpositive,realized,realized,realized,False,False,False,False,True,True,0.9012,0.3234
7,-1,9,7,67,-0.377964,1.285714,-1.055008,0.677043,1,0,nonpositive,realized,realized,realized,False,False,False,False,True,True,0.917,0.4499
7,-1,10,7,69,-0.377964,1.428571,-0.968176,0.590211,1,0,nonpositive,realized,realized,realized,False,True,True,False,True,True,1.0494,0.5856
7,-1,11,7,71,-0.377964,1.571429,-0.870367,0.492403,1,0,nonpositive,realized,realized,realized,False,True,True,False,True,True,0.9015,0.662
7,-1,12,7,73,-0.377964,1.714286,-0.755929,0.377964,1,0,nonpositive,realized,realized,realized,False,True,True,False,True,True,1.0641,0.6143
7,-1,13,7,75,-0.377964,1.857143,-0.611559,0.233595,1,0,nonpositive,realized,realized,realized,False,True,True,False,True,True,2.1502,0.9593
7,0,-14,8,22,0.0,-2.0,-2.0,2.0,,,nonpositive,nonpositive,nonpositive,nonpositive,False,False,False,False,False,False,,
7,0,-11,8,28,0.0,-1.571429,-1.889822,1.889822,,,nonpositive,nonpositive,nonpositive,nonpositive,False,False,False,False,False,False,,
7,0,-10,8,30,0.0,-1.428571,-1.85164,1.85164,,,nonpositive,nonpositive,nonpositive,nonpositive,False,False,False,False,False,False,,
7,0,-9,8,32,0.0,-1.285714,-1.812654,1.812654,,,nonpositive,nonpositive,nonpositive,nonpositive,False,False,False,False,False,False,,
7,0,-8,8,34,0.0,-1.142857,-1.772811,1.772811,,,nonpositive,nonpositive,nonpositive,nonpositive,False,False,False,False,False,False,,
7,0,-6,8,38,0.0,-0.857143,-1.690309,1.690309,,,nonpositive,nonpositive,nonpositive,nonpositive,False,False,False,False,False,False,,
7,0,-5,8,40,0.0,-0.714286,-1.647509,1.647509,,,nonpositive,nonpositive,nonpositive,nonpositive,False,False,False,False,False,False,,
7,0,-4,8,42,0.0,-0.571429,-1.603567,1.603567,,,nonpositive,nonpositive,nonpositive,nonpositive,False,False,False,False,False,False,,
7,0,-3,8,44,0.0,-0.428571,-1.558387,1.558387,,,nonpositive,nonpositive,nonpositive,nonpositive,False,False,False,False,False,False,,
7,0,-2,8,46,0.0,-0.285714,-1.511858,1.511858,,,nonpositive,nonpositive,nonpositive,nonpositive,False,False,False,False,False,False,,
7,0,-1,8,48,0.0,-0.142857,-1.46385,1.46385,,,nonpositive,nonpositive,nonpositive,nonpositive,False,False,False,False,False,False,,
7,0,0,8,50,0.0,0.0,-1.414214,1.414214,,,nonpositive,nonpositive,nonpositive,nonpositive,False,False,False,False,False,False,,
7,0,1,8,52,0.0,0.142857,-1.36277,1.36277,1,1,nonpositive,realized,nonpositive,realized,False,False,False,False,False,False,2.1906,2.1906
7,0,2,8,54,0.0,0.285714,-1.309307,1.309307,1,1,nonpositive,realized,nonpositive,realized,False,False,False,False,False,False,1.2121,1.2121
7,0,3,8,56,0.0,0.428571,-1.253566,1.253566,1,1,nonpositive,realized,nonpositive,realized,False,False,False,False,False,False,0.8937,0.8937
7,0,4,8,58,0.0,0.571429,-1.195229,1.195229,1,1,nonpositive,realized,nonpositive,realized,False,False,False,False,False,False,0.8066,0.8066
7,0,5,8,60,0.0,0.714286,-1.133893,1.133893,1,1,nonpositive,realized,nonpositive,realized,False,False,False,False,False,False,0.5552,0.5552
7,0,6,8,62,0.0,0.857143,-1.069045,1.069045,1,1,nonpositive,realized,nonpositive,realized,False,False,False,False,False,False,0.2947,0.2947
7,0,7,8,64,0.0,1.0,-1.0,1.0,1,1,nonpositive,realized,nonpositive,realized,False,False,False,False,False,False,0.4538,0.4538
7,0,8,8,66,0.0,1.142857,-0.92582,0.92582,1,1,nonpositive,realized,nonpositive,realized,False,True,True,False,True,True,0.5185,0.5185
7,0,9,8,68,0.0,1.285714,-0.845154,0.845154,1,1,nonpositive,realized,nonpositive,realized,False,True,True,False,True,True,0.6654,0.6654
7,0,10,8,70,0.0,1.428571,-0.755929,0.755929,1,1,nonpositive,realized,nonpositive,realized,False,True,True,False,True,True,0.881,0.881
7,0,11,8,72,0.0,1.571429,-0.654654,0.654654,1,1,nonpositive,realized,nonpositive,realized,False,True,True,False,True,True,0.9249,0.9249
7,0,12,8,74,0.0,1.714286,-0.534522,0.534522,1,1,nonpositive,realized,nonpositive,realized,False,True,True,False,True,True,1.0719,1.2416
7,0,13,8,76,0.0,1.857143,-0.377964,0.377964,1,1,nonpositive,realized,nonpositive,realized,False,True,True,False,True,True,1.5278,1.2607
7,0,14,8,78,0.0,2.0,-0.0,0.0,2,2,nonpositive,notfound,nonpositive,notfound,False,False,True,False,False,True,,
7,1,-8,9,33,0.377964,-1.142857,-1.593873,1.971837,,,nonpositive,nonpositive,nonpositive,nonpositive,False,False,False,False,False,False,,
7,1,-7,9,35,0.377964,-1.0,-1.553348,1.931312,,,nonpositive,nonpositive,nonpositive,nonpositive,False,False,False,False,False,False,,
7,1,-6,9,37,0.377964,-0.857143,-1.511858,1.889822,,,nonpositive,nonpositive,nonpositive,nonpositive,False,False,False,False,False,False,,
7,1,-5,9,39,0.377964,-0.714286,-1.46933,1.847295,,,nonpositive,nonpositive,nonpositive,nonpositive,False,False,False,False,False,False,,
7,1,-4,9,41,0.377964,-0.571429,-1.425683,1.803647,,,nonpositive,nonpositive,nonpositive,nonpositive,False,False,False,False,False,False,,
7,1,-3,9,43,0.377964,-0.428571,-1.380822,1.758787,,,nonpositive,nonpositive,nonpositive,nonpositive,False,False,False,False,False,False,,
7,1,-2,9,45,0.377964,-0.285714,-1.334641,1.712606,,,nonpositive,lemma,nonpositive,nonpositive,False,False,False,False,False,False,,
7,1,-1,9,47,0.377964,-0.142857,-1.287016,1.664981,,,nonpositive,lemma,nonpositive,nonpositive,False,False,False,False,False,False,,
7,1,0,9,49,0.377964,0.0,-1.237802,1.615767,,,nonpositive,lemma,nonpositive,nonpositive,False,False,False,False,False,False,,
7,1,1,9,51,0.377964,0.142857,-1.186829,1.564794,0,,realized,realized,nonpositive,nonpositive,False,False,False,False,False,False,0.9401,
7,1,2,9,53,0.377964,0.285714,-1.133893,1.511858,0,,realized,realized,nonpositive,nonpositive,False,False,False,False,False,False,0.5621,
7,1,3,9,55,0.377964,0.428571,-1.078749,1.456714,0,1,realized,realized,nonpositive,realized,False,False,False,False,False,False,0.8193,1.3493
7,1,4,9,57,0.377964,0.571429,-1.021095,1.399059,0,1,realized,realized,nonpositive,realized,False,False,False,False,False,False,0.537,0.9142
7,1,5,9,59,0.377964,0.714286,-0.960552,1.338516,0,1,realized,realized,nonpositive,realized,False,True,True,False,False,False,0.6966,0.7036
7,1,6,9,61,0.377964,0.857143,-0.896638,1.274603,0,1,realized,realized,nonpositive,realized,False,True,True,False,False,False,1.0279,1.2885
7,1,7,9,63,0.377964,1.0,-0.828718,1.206683,0,1,realized,realized,nonpositive,realized,False,True,True,False,False,False,0.2562,0.9108
7,1,8,9,65,0.377964,1.142857,-0.755929,1.133893,0,1,realized,realized,nonpositive,realized,False,True,True,False,False,False,0.3234,0.9012
7,1,9,9,67,0.377964,1.285714,-0.677043,1.055008,0,1,realized,realized,nonpositive,realized,False,True,True,False,False,False,0.4499,0.917
7,1,10,9,69,0.377964,1.428571,-0.590211,0.968176,0,1,realized,realized,nonpositive,realized,False,True,True,False,True,True,0.8614,1.0494
7,1,11,9,71,0.377964,1.571429,-0.492403,0.870367,0,1,realized,realized,nonpositive,realized,False,True,True,False,True,True,0.662,0.9015
7,1,12,9,73,0.377964,1.714286,-0.377964,0.755929,0,1,realized,realized,nonpositive,realized,False,True,True,False,True,True,1.1383,1.2404
7,1,13,9,75,0.377964,1.857143,-0.233595,0.611559,0,1,realized,realized,nonpositive,realized,False,True,True,False,True,True,0.8762,2.1502
7,2,-3,10,40,0.755929,-0.428571,-1.225603,1.981532,,,nonpositive,lemma,nonpositive,nonpositive,False,False,False,False,False,False,,
7,2,-2,10,42,0.755929,-0.285714,-1.180423,1.936352,,,nonpositive,lemma,nonpositive,nonpositive,False,False,False,False,False,False,,
7,2,-1,10,44,0.755929,-0.142857,-1.133893,1.889822,,,nonpositive,lemma,nonpositive,nonpositive,False,False,False,False,False,False,,
7,2,0,10,46,0.755929,0.0,-1.085886,1.841815,,,nonpositive,lemma,nonpositive,nonpositive,False,False,False,False,False,False,,
7,2,1,10,48,0.755929,0.142857,-1.036249,1.792178,0,,realized,realized,nonpositive,nonpositive,False,False,False,False,False,False,1.0512,
7,2,2,10,50,0.755929,0.285714,-0.984806,1.740735,0,,realized,realized,nonpositive,nonpositive,False,True,True,False,False,False,2.3121,
7,2,3,10,52,0.755929,0.428571,-0.931343,1.687272,0,,realized,realized,nonpositive,nonpositive,False,True,True,False,False,False,0.7664,
7,2,4,10,54,0.755929,0.571429,-0.875602,1.631531,0,,realized,realized,nonpositive,nonpositive,False,True,True,False,False,False,0.8053,
7,2,5,10,56,0.755929,0.714286,-0.817264,1.573193,0,,realized,realized,nonpositive,nonpositive,False,True,True,False,False,False,0.4279,
7,2,6,10,58,0.755929,0.857143,-0.755929,1.511858,0,1,realized,realized,nonpositive,realized,False,True,True,False,False,False,0.5812,0.4947
7,2,7,10,60,0.755929,1.0,-0.69108,1.447009,0,1,realized,realized,nonpositive,realized,False,True,True,False,False,False,0.6011,0.886
7,2,8,10,62,0.755929,1.142857,-0.622036,1.377964,0,1,realized,realized,nonpositive,realized,False,True,True,False,False,False,0.2681,1.1046
7,2,9,10,64,0.755929,1.285714,-0.547856,1.303785,0,1,realized,realized,nonpositive,realized,False,True,True,False,False,False,0.7875,2.1702
7,2,10,10,66,0.755929,1.428571,-0.46719,1.223119,0,1,realized,realized,nonpositive,realized,False,True,True,False,False,False,0.6054,2.0626
7,2,11,10,68,0.755929,1.571429,-0.377964,1.133893,0,1,realized,realized,nonpositive,realized,False,True,True,False,False,False,0.5685,2.7436
7,2,12,10,70,0.755929,1.714286,-0.276689,1.032618,0,1,realized,realized,nonpositive,realized,False,True,True,False,False,False,0.6709,2.7051
7,2,13,10,72,0.755929,1.857143,-0.156558,0.912487,0,1,realized,realized,nonpositive,realized,False,True,True,False,True,True,0.5474,2.8376
7,2,14,10,74,0.755929,2.0,-0.0,0.755929,0,2,realized,realized,nonpositive,cap,False,True,True,False,False,True,0.6123,
7,2,15,10,76,0.755929,2.142857,0.377964,0.377964,0,2,realized,realized,nonpositive,cap,True,True,True,False,False,True,0.8331,
7,3,2,11,45,1.133893,0.285714,-0.859838,1.993731,0,,realized,realized,nonpositive,nonpositive,False,True,True,False,False,False,1.5411,
7,3,3,11,47,1.133893,0.428571,-0.808865,1.942758,0,,realized,realized,nonpositive,nonpositive,False,True,True,False,False,False,1.3413,
7,3,4,11,49,1.133893,0.571429,-0.755929,1.889822,0,,realized,realized,nonpositive,nonpositive,False,True,True,False,False,False,0.8296,
7,3,5,11,51,1.133893,0.714286,-0.700785,1.834678,0,,realized,realized,nonpositive,nonpositive,False,True,True,False,False,False,0.8088,
7,3,6,11,53,1.133893,0.857143,-0.64313,1.777023,0,,realized,realized,nonpositive,nonpositive,False,True,True,False,False,False,0.5144,
7,3,7,11,55,1.133893,1.0,-0.582587,1.716481,0,,realized,realized,nonpositive,nonpositive,False,True,True,False,False,False,0.4311,
7,3,8,11,57,1.133893,1.142857,-0.518674,1.652567,0,,realized,realized,nonpositive,nonpositive,False,True,True,False,False,False,0.3537,
7,3,9,11,59,1.133893,1.285714,-0.450754,1.584647,0,,realized,realized,nonpositive,nonpositive,False,True,True,False,False,False,0.3719,
7,3,10,11,61,1.133893,1.428571,-0.377964,1.511858,0,,realized,realized,nonpositive,nonpositive,False,True,True,False,False,False,0.2896,
7,3,11,11,63,1.133893,1.571429,-0.299079,1.432972,0,,realized,realized,nonpositive,nonpositive,False,True,True,False,False,False,0.1966,
7,3,12,11,65,1.133893,1.714286,-0.212247,1.34614,0,,realized,realized,nonpositive,nonpositive,False,True,True,False,False,False,0.3958,
7,3,13,11,67,1.133893,1.857143,-0.114438,1.248332,0,,realized,realized,nonpositive,nonpositive,False,True,True,False,False,False,0.2962,
7,3,14,11,69,1.133893,2.0,-0.0,1.133893,0,,realized,realized,nonpositive,nonpositive,False,True,True,False,False,False,0.615,
7,3,15,11,71,1.133893,2.142857,0.14437,0.989524,0,2,realized,realized,nonpositive,nonpositive,True,True,True,False,False,True,0.5132,
7,4,8,12,50,1.511858,1.142857,-0.4393,1.951158,0,,realized,realized,nonpositive,nonpositive,False,True,True,False,False,False,0.6576,
7,4,9,12,52,1.511858,1.285714,-0.377964,1.889822,0,,realized,realized,nonpositive,nonpositive,False,True,True,False,False,False,0.7319,
7,4,10,12,54,1.511858,1.428571,-0.313116,1.824974,0,,realized,realized,nonpositive,nonpositive,False,True,True,False,False,False,0.4945,
7,4,11,12,56,1.511858,1.571429,-0.244071,1.755929,0,,realized,realized,nonpositive,nonpositive,False,True,True,False,False,False,0.303,
7,4,12,12,58,1.511858,1.714286,-0.169891,1.681749,0,,realized,realized,nonpositive,nonpositive,False,True,True,False,False,False,0.285,
7,4,13,12,60,1.511858,1.857143,-0.089225,1.601083,0,,realized,realized,nonpositive,nonpositive,False,True,True,False,False,False,0.2035,
7,4,14,12,62,1.511858,2.0,-0.0,1.511858,0,,realized,realized,nonpositive,nonpositive,False,True,True,False,False,False,0.1327,
7,4,15,12,64,1.511858,2.142857,0.101275,1.410583,0,,realized,realized,nonpositive,nonpositive,True,True,True,False,False,False,0.1968,
7,4,16,12,66,1.511858,2.285714,0.221406,1.290451,0,,realized,realized,nonpositive,nonpositive,True,True,True,False,False,False,0.2489,
7,4,17,12,68,1.511858,2.428571,0.377964,1.133893,0,,realized,realized,nonpositive,nonpositive,True,True,True,False,False,False,0.2861,
7,4,18,12,70,1.511858,2.571429,0.755929,0.755929,0,2,realized,realized,nonpositive,nonpositive,True,True,True,False,False,True,0.4865,
7,5,13,13,51,1.889822,1.857143,-0.072789,1.962612,0,,realized,realized,nonpositive,nonpositive,False,True,True,False,False,False,0.496,
7,5,14,13,53,1.889822,2.0,-0.0,1.889822,0,,realized,realized,nonpositive,nonpositive,False,True,True,False,False,False,0.4409,
7,5,15,13,55,1.889822,2.142857,0.078886,1.810937,0,,realized,realized,nonpositive,nonpositive,True,True,True,False,False,False,0.4625,
7,5,16,13,57,1.889822,2.285714,0.165717,1.724105,0,,realized,realized,nonpositive,nonpositive,True,True,True,False,False,False,0.2161,
7,5,17,13,59,1.889822,2.428571,0.263526,1.626296,0,,realized,realized,nonpositive,nonpositive,True,True,True,False,False,False,0.2976,
7,5,18,13,61,1.889822,2.571429,0.377964,1.511858,0,,realized,realized,nonpositive,nonpositive,True,True,True,False,False,False,0.3167,
7,5,19,13,63,1.889822,2.714286,0.522334,1.367488,0,,realized,realized,nonpositive,nonpositive,True,True,True,False,False,False,0.2259,
7,6,18,14,50,2.267787,2.571429,0.288739,1.979048,0,,realized,realized,nonpositive,nonpositive,True,True,True,False,False,False,0.2288,
7,6,19,14,52,2.267787,2.714286,0.377964,1.889822,0,,realized,realized,nonpositive,nonpositive,True,True,True,False,False,False,0.2413,
7,6,20,14,54,2.267787,2.857143,0.47924,1.788547,0,,realized,realized,nonpositive,nonpositive,True,True,True,False,False,False,0.1269,
7,6,21,14,56,2.267787,3.0,0.599371,1.668416,0,,realized,realized,nonpositive,nonpositive,True,True,True,False,False,False,0.3015,
7,6,22,14,58,2.267787,3.142857,0.755929,1.511858,0,,realized,realized,nonpositive,nonpositive,True,True,True,False,False,False,0.3177,
7,6,23,14,60,2.267787,3.285714,1.133893,1.133893,0,,realized,realized,nonpositive,nonpositive,True,True,True,False,False,False,0.2837,
7,7,24,15,49,2.645751,3.428571,0.755929,1.889822,0,,realized,realized,nonpositive,nonpositive,True,True,True,False,False,False,0.1583,
7,7,25,15,51,2.645751,3.571429,0.900299,1.745453,0,,realized,realized,nonpositive,nonpositive,True,True,True,False,False,False,0.053,
7,8,29,16,44,3.023716,4.142857,1.133893,1.889822,0,,realized,realized,nonpositive,nonpositive,True,True,True,False,False,False,0.1687,
7,8,30,16,46,3.023716,4.285714,1.511858,1.511858,0,,realized,notfound,nonpositive,nonpositive,True,True,True,False,False,False,0.1399,
